ruleId,company_code,category_code,gatewayId,tagId,branchNumber,eventName,eventValue,came_here,temp_raise,raise_threshold,temp_fall,fall_threshold,specific_open,specific_close,lost_sight,gateway_change,oldGW,condition,human_event
H00000000,1,100,GW0000M0001A01,1.1E+015,0,HRTB_F,1,0,0,0,0,0,0,0,0,1,10A1000M0000WG,,PUTBACK
H00000001,1,100,GW0000M0001A01,1.1E+015,0,HRTB_S,1,0,0,0,0,0,0,0,0,1,10A1000M0000WG,,PUTBACK
H00000002,1,100,GW0000M0001A01,1.1E+015,0,here,1,0,0,0,0,0,0,0,0,1,10A1000M0000WG,,PUTBACK
H00000003,1,100,GW0000M0001A01,1.1E+015,0,gone,1,0,0,0,0,0,0,0,0,1,10A1000M0000WG,,PUTBACK
H00000004,1,100,GW0000M0001A01,1.1E+015,0,away,1,0,0,0,0,0,0,0,0,1,10A1000M0000WG,,PUTBACK
H00000005,1,100,GW0000M0001A01,1.1E+015,0,temp,1,0,0,0,0,0,0,0,0,1,10A1000M0000WG,,PUTBACK
H00000006,1,100,GW0000M0002A02,1.1E+015,0,HRTB_F,1,0,0,0,0,0,0,0,0,1,20A2000M0000WG,,PUTBACK
H00000007,1,100,GW0000M0002A02,1.1E+015,0,HRTB_S,1,0,0,0,0,0,0,0,0,1,20A2000M0000WG,,PUTBACK
H00000008,1,100,GW0000M0002A02,1.1E+015,0,here,1,0,0,0,0,0,0,0,0,1,20A2000M0000WG,,PUTBACK
H00000009,1,100,GW0000M0002A02,1.1E+015,0,gone,1,0,0,0,0,0,0,0,0,1,20A2000M0000WG,,PUTBACK
H00000010,1,100,GW0000M0002A02,1.1E+015,0,away,1,0,0,0,0,0,0,0,0,1,20A2000M0000WG,,PUTBACK
H00000011,1,100,GW0000M0002A02,1.1E+015,0,temp,1,0,0,0,0,0,0,0,0,1,20A2000M0000WG,,PUTBACK
H00000012,1,100,GW0000M0003A03,1.1E+015,0,HRTB_F,1,0,0,0,0,0,0,0,0,1,30A3000M0000WG,,PUTBACK
H00000013,1,100,GW0000M0003A03,1.1E+015,0,HRTB_S,1,0,0,0,0,0,0,0,0,1,30A3000M0000WG,,PUTBACK
H00000014,1,100,GW0000M0003A03,1.1E+015,0,here,1,0,0,0,0,0,0,0,0,1,30A3000M0000WG,,PUTBACK
H00000015,1,100,GW0000M0003A03,1.1E+015,0,gone,1,0,0,0,0,0,0,0,0,1,30A3000M0000WG,,PUTBACK
H00000016,1,100,GW0000M0003A03,1.1E+015,0,away,1,0,0,0,0,0,0,0,0,1,30A3000M0000WG,,PUTBACK
H00000017,1,100,GW0000M0003A03,1.1E+015,0,temp,1,0,0,0,0,0,0,0,0,1,30A3000M0000WG,,PUTBACK
H00000018,1,100,GW0000M0004A04,1.1E+015,0,HRTB_F,1,0,0,0,0,0,0,0,0,1,40A4000M0000WG,,PUTBACK
H00000019,1,100,GW0000M0004A04,1.1E+015,0,HRTB_S,1,0,0,0,0,0,0,0,0,1,40A4000M0000WG,,PUTBACK
H00000020,1,100,GW0000M0004A04,1.1E+015,0,here,1,0,0,0,0,0,0,0,0,1,40A4000M0000WG,,PUTBACK
H00000021,1,100,GW0000M0004A04,1.1E+015,0,gone,1,0,0,0,0,0,0,0,0,1,40A4000M0000WG,,PUTBACK
H00000022,1,100,GW0000M0004A04,1.1E+015,0,away,1,0,0,0,0,0,0,0,0,1,40A4000M0000WG,,PUTBACK
H00000023,1,100,GW0000M0004A04,1.1E+015,0,temp,1,0,0,0,0,0,0,0,0,1,40A4000M0000WG,,PUTBACK
H00000024,1,100,GW0000M0005A05,1.1E+015,0,HRTB_F,1,0,0,0,0,0,0,0,0,1,50A5000M0000WG,,PUTBACK
H00000025,1,100,GW0000M0005A05,1.1E+015,0,HRTB_S,1,0,0,0,0,0,0,0,0,1,50A5000M0000WG,,PUTBACK
H00000026,1,100,GW0000M0005A05,1.1E+015,0,here,1,0,0,0,0,0,0,0,0,1,50A5000M0000WG,,PUTBACK
H00000027,1,100,GW0000M0005A05,1.1E+015,0,gone,1,0,0,0,0,0,0,0,0,1,50A5000M0000WG,,PUTBACK
H00000028,1,100,GW0000M0005A05,1.1E+015,0,away,1,0,0,0,0,0,0,0,0,1,50A5000M0000WG,,PUTBACK
H00000029,1,100,GW0000M0005A05,1.1E+015,0,temp,1,0,0,0,0,0,0,0,0,1,50A5000M0000WG,,PUTBACK
H00000030,1,100,GW0000M0002B01,1.1E+015,0,HRTB_F,1,0,0,0,0,0,0,0,0,1,10B2000M0000WG,,PUTBACK
H00000031,1,100,GW0000M0002B01,1.1E+015,0,HRTB_S,1,0,0,0,0,0,0,0,0,1,10B2000M0000WG,,PUTBACK
H00000032,1,100,GW0000M0002B01,1.1E+015,0,here,1,0,0,0,0,0,0,0,0,1,10B2000M0000WG,,PUTBACK
H00000033,1,100,GW0000M0002B01,1.1E+015,0,gone,1,0,0,0,0,0,0,0,0,1,10B2000M0000WG,,PUTBACK
H00000034,1,100,GW0000M0002B01,1.1E+015,0,away,1,0,0,0,0,0,0,0,0,1,10B2000M0000WG,,PUTBACK
H00000035,1,100,GW0000M0002B01,1.1E+015,0,temp,1,0,0,0,0,0,0,0,0,1,10B2000M0000WG,,PUTBACK
H00000036,1,100,GW0000M0003B02,1.1E+015,0,HRTB_F,1,0,0,0,0,0,0,0,0,1,20B3000M0000WG,,PUTBACK
H00000037,1,100,GW0000M0003B02,1.1E+015,0,HRTB_S,1,0,0,0,0,0,0,0,0,1,20B3000M0000WG,,PUTBACK
H00000038,1,100,GW0000M0003B02,1.1E+015,0,here,1,0,0,0,0,0,0,0,0,1,20B3000M0000WG,,PUTBACK
H00000039,1,100,GW0000M0003B02,1.1E+015,0,gone,1,0,0,0,0,0,0,0,0,1,20B3000M0000WG,,PUTBACK
H00000040,1,100,GW0000M0003B02,1.1E+015,0,away,1,0,0,0,0,0,0,0,0,1,20B3000M0000WG,,PUTBACK
H00000041,1,100,GW0000M0003B02,1.1E+015,0,temp,1,0,0,0,0,0,0,0,0,1,20B3000M0000WG,,PUTBACK
H00000042,1,100,GW0000M0004B03,1.1E+015,0,HRTB_F,1,0,0,0,0,0,0,0,0,1,30B4000M0000WG,,PUTBACK
H00000043,1,100,GW0000M0004B03,1.1E+015,0,HRTB_S,1,0,0,0,0,0,0,0,0,1,30B4000M0000WG,,PUTBACK
H00000044,1,100,GW0000M0004B03,1.1E+015,0,here,1,0,0,0,0,0,0,0,0,1,30B4000M0000WG,,PUTBACK
H00000045,1,100,GW0000M0004B03,1.1E+015,0,gone,1,0,0,0,0,0,0,0,0,1,30B4000M0000WG,,PUTBACK
H00000046,1,100,GW0000M0004B03,1.1E+015,0,away,1,0,0,0,0,0,0,0,0,1,30B4000M0000WG,,PUTBACK
H00000047,1,100,GW0000M0004B03,1.1E+015,0,temp,1,0,0,0,0,0,0,0,0,1,30B4000M0000WG,,PUTBACK
H00000048,1,100,GW0000M0005B04,1.1E+015,0,HRTB_F,1,0,0,0,0,0,0,0,0,1,40B5000M0000WG,,PUTBACK
H00000049,1,100,GW0000M0005B04,1.1E+015,0,HRTB_S,1,0,0,0,0,0,0,0,0,1,40B5000M0000WG,,PUTBACK
H00000050,1,100,GW0000M0005B04,1.1E+015,0,here,1,0,0,0,0,0,0,0,0,1,40B5000M0000WG,,PUTBACK
H00000051,1,100,GW0000M0005B04,1.1E+015,0,gone,1,0,0,0,0,0,0,0,0,1,40B5000M0000WG,,PUTBACK
H00000052,1,100,GW0000M0005B04,1.1E+015,0,away,1,0,0,0,0,0,0,0,0,1,40B5000M0000WG,,PUTBACK
H00000053,1,100,GW0000M0005B04,1.1E+015,0,temp,1,0,0,0,0,0,0,0,0,1,40B5000M0000WG,,PUTBACK
H00000054,1,100,GW0000M0006B05,1.1E+015,0,HRTB_F,1,0,0,0,0,0,0,0,0,1,50B6000M0000WG,,PUTBACK
H00000055,1,100,GW0000M0006B05,1.1E+015,0,HRTB_S,1,0,0,0,0,0,0,0,0,1,50B6000M0000WG,,PUTBACK
H00000056,1,100,GW0000M0006B05,1.1E+015,0,here,1,0,0,0,0,0,0,0,0,1,50B6000M0000WG,,PUTBACK
H00000057,1,100,GW0000M0006B05,1.1E+015,0,gone,1,0,0,0,0,0,0,0,0,1,50B6000M0000WG,,PUTBACK
H00000058,1,100,GW0000M0006B05,1.1E+015,0,away,1,0,0,0,0,0,0,0,0,1,50B6000M0000WG,,PUTBACK
H00000059,1,100,GW0000M0006B05,1.1E+015,0,temp,1,0,0,0,0,0,0,0,0,1,50B6000M0000WG,,PUTBACK
H00000060,1,100,GW0000M0003C01,1.1E+015,0,HRTB_F,1,0,0,0,0,0,0,0,0,1,10C3000M0000WG,,PUTBACK
H00000061,1,100,GW0000M0003C01,1.1E+015,0,HRTB_S,1,0,0,0,0,0,0,0,0,1,10C3000M0000WG,,PUTBACK
H00000062,1,100,GW0000M0003C01,1.1E+015,0,here,1,0,0,0,0,0,0,0,0,1,10C3000M0000WG,,PUTBACK
H00000063,1,100,GW0000M0003C01,1.1E+015,0,gone,1,0,0,0,0,0,0,0,0,1,10C3000M0000WG,,PUTBACK
H00000064,1,100,GW0000M0003C01,1.1E+015,0,away,1,0,0,0,0,0,0,0,0,1,10C3000M0000WG,,PUTBACK
H00000065,1,100,GW0000M0003C01,1.1E+015,0,temp,1,0,0,0,0,0,0,0,0,1,10C3000M0000WG,,PUTBACK
H00000066,1,100,GW0000M0004C02,1.1E+015,0,HRTB_F,1,0,0,0,0,0,0,0,0,1,20C4000M0000WG,,PUTBACK
H00000067,1,100,GW0000M0004C02,1.1E+015,0,HRTB_S,1,0,0,0,0,0,0,0,0,1,20C4000M0000WG,,PUTBACK
H00000068,1,100,GW0000M0004C02,1.1E+015,0,here,1,0,0,0,0,0,0,0,0,1,20C4000M0000WG,,PUTBACK
H00000069,1,100,GW0000M0004C02,1.1E+015,0,gone,1,0,0,0,0,0,0,0,0,1,20C4000M0000WG,,PUTBACK
H00000070,1,100,GW0000M0004C02,1.1E+015,0,away,1,0,0,0,0,0,0,0,0,1,20C4000M0000WG,,PUTBACK
H00000071,1,100,GW0000M0004C02,1.1E+015,0,temp,1,0,0,0,0,0,0,0,0,1,20C4000M0000WG,,PUTBACK
H00000072,1,100,GW0000M0005C03,1.1E+015,0,HRTB_F,1,0,0,0,0,0,0,0,0,1,30C5000M0000WG,,PUTBACK
H00000073,1,100,GW0000M0005C03,1.1E+015,0,HRTB_S,1,0,0,0,0,0,0,0,0,1,30C5000M0000WG,,PUTBACK
H00000074,1,100,GW0000M0005C03,1.1E+015,0,here,1,0,0,0,0,0,0,0,0,1,30C5000M0000WG,,PUTBACK
H00000075,1,100,GW0000M0005C03,1.1E+015,0,gone,1,0,0,0,0,0,0,0,0,1,30C5000M0000WG,,PUTBACK
H00000076,1,100,GW0000M0005C03,1.1E+015,0,away,1,0,0,0,0,0,0,0,0,1,30C5000M0000WG,,PUTBACK
H00000077,1,100,GW0000M0005C03,1.1E+015,0,temp,1,0,0,0,0,0,0,0,0,1,30C5000M0000WG,,PUTBACK
H00000078,1,100,GW0000M0006C04,1.1E+015,0,HRTB_F,1,0,0,0,0,0,0,0,0,1,40C6000M0000WG,,PUTBACK
H00000079,1,100,GW0000M0006C04,1.1E+015,0,HRTB_S,1,0,0,0,0,0,0,0,0,1,40C6000M0000WG,,PUTBACK
H00000080,1,100,GW0000M0006C04,1.1E+015,0,here,1,0,0,0,0,0,0,0,0,1,40C6000M0000WG,,PUTBACK
H00000081,1,100,GW0000M0006C04,1.1E+015,0,gone,1,0,0,0,0,0,0,0,0,1,40C6000M0000WG,,PUTBACK
H00000082,1,100,GW0000M0006C04,1.1E+015,0,away,1,0,0,0,0,0,0,0,0,1,40C6000M0000WG,,PUTBACK
H00000083,1,100,GW0000M0006C04,1.1E+015,0,temp,1,0,0,0,0,0,0,0,0,1,40C6000M0000WG,,PUTBACK
H00000084,1,100,GW0000M0007C05,1.1E+015,0,HRTB_F,1,0,0,0,0,0,0,0,0,1,50C7000M0000WG,,PUTBACK
H00000085,1,100,GW0000M0007C05,1.1E+015,0,HRTB_S,1,0,0,0,0,0,0,0,0,1,50C7000M0000WG,,PUTBACK
H00000086,1,100,GW0000M0007C05,1.1E+015,0,here,1,0,0,0,0,0,0,0,0,1,50C7000M0000WG,,PUTBACK
H00000087,1,100,GW0000M0007C05,1.1E+015,0,gone,1,0,0,0,0,0,0,0,0,1,50C7000M0000WG,,PUTBACK
H00000088,1,100,GW0000M0007C05,1.1E+015,0,away,1,0,0,0,0,0,0,0,0,1,50C7000M0000WG,,PUTBACK
H00000089,1,100,GW0000M0007C05,1.1E+015,0,temp,1,0,0,0,0,0,0,0,0,1,50C7000M0000WG,,PUTBACK
H00000090,1,100,GW0000M0004D01,1.1E+015,0,HRTB_F,1,0,0,0,0,0,0,0,0,1,10D4000M0000WG,,PUTBACK
H00000091,1,100,GW0000M0004D01,1.1E+015,0,HRTB_S,1,0,0,0,0,0,0,0,0,1,10D4000M0000WG,,PUTBACK
H00000092,1,100,GW0000M0004D01,1.1E+015,0,here,1,0,0,0,0,0,0,0,0,1,10D4000M0000WG,,PUTBACK
H00000093,1,100,GW0000M0004D01,1.1E+015,0,gone,1,0,0,0,0,0,0,0,0,1,10D4000M0000WG,,PUTBACK
H00000094,1,100,GW0000M0004D01,1.1E+015,0,away,1,0,0,0,0,0,0,0,0,1,10D4000M0000WG,,PUTBACK
H00000095,1,100,GW0000M0004D01,1.1E+015,0,temp,1,0,0,0,0,0,0,0,0,1,10D4000M0000WG,,PUTBACK
H00000096,1,100,GW0000M0005D02,1.1E+015,0,HRTB_F,1,0,0,0,0,0,0,0,0,1,20D5000M0000WG,,PUTBACK
H00000097,1,100,GW0000M0005D02,1.1E+015,0,HRTB_S,1,0,0,0,0,0,0,0,0,1,20D5000M0000WG,,PUTBACK
H00000098,1,100,GW0000M0005D02,1.1E+015,0,here,1,0,0,0,0,0,0,0,0,1,20D5000M0000WG,,PUTBACK
H00000099,1,100,GW0000M0005D02,1.1E+015,0,gone,1,0,0,0,0,0,0,0,0,1,20D5000M0000WG,,PUTBACK
H00000100,1,100,GW0000M0005D02,1.1E+015,0,away,1,0,0,0,0,0,0,0,0,1,20D5000M0000WG,,PUTBACK
H00000101,1,100,GW0000M0005D02,1.1E+015,0,temp,1,0,0,0,0,0,0,0,0,1,20D5000M0000WG,,PUTBACK
H00000102,1,100,GW0000M0006D03,1.1E+015,0,HRTB_F,1,0,0,0,0,0,0,0,0,1,30D6000M0000WG,,PUTBACK
H00000103,1,100,GW0000M0006D03,1.1E+015,0,HRTB_S,1,0,0,0,0,0,0,0,0,1,30D6000M0000WG,,PUTBACK
H00000104,1,100,GW0000M0006D03,1.1E+015,0,here,1,0,0,0,0,0,0,0,0,1,30D6000M0000WG,,PUTBACK
H00000105,1,100,GW0000M0006D03,1.1E+015,0,gone,1,0,0,0,0,0,0,0,0,1,30D6000M0000WG,,PUTBACK
H00000106,1,100,GW0000M0006D03,1.1E+015,0,away,1,0,0,0,0,0,0,0,0,1,30D6000M0000WG,,PUTBACK
H00000107,1,100,GW0000M0006D03,1.1E+015,0,temp,1,0,0,0,0,0,0,0,0,1,30D6000M0000WG,,PUTBACK
H00000108,1,100,GW0000M0007D04,1.1E+015,0,HRTB_F,1,0,0,0,0,0,0,0,0,1,40D7000M0000WG,,PUTBACK
H00000109,1,100,GW0000M0007D04,1.1E+015,0,HRTB_S,1,0,0,0,0,0,0,0,0,1,40D7000M0000WG,,PUTBACK
H00000110,1,100,GW0000M0007D04,1.1E+015,0,here,1,0,0,0,0,0,0,0,0,1,40D7000M0000WG,,PUTBACK
H00000111,1,100,GW0000M0007D04,1.1E+015,0,gone,1,0,0,0,0,0,0,0,0,1,40D7000M0000WG,,PUTBACK
H00000112,1,100,GW0000M0007D04,1.1E+015,0,away,1,0,0,0,0,0,0,0,0,1,40D7000M0000WG,,PUTBACK
H00000113,1,100,GW0000M0007D04,1.1E+015,0,temp,1,0,0,0,0,0,0,0,0,1,40D7000M0000WG,,PUTBACK
H00000114,1,100,GW0000M0008D05,1.1E+015,0,HRTB_F,1,0,0,0,0,0,0,0,0,1,50D8000M0000WG,,PUTBACK
H00000115,1,100,GW0000M0008D05,1.1E+015,0,HRTB_S,1,0,0,0,0,0,0,0,0,1,50D8000M0000WG,,PUTBACK
H00000116,1,100,GW0000M0008D05,1.1E+015,0,here,1,0,0,0,0,0,0,0,0,1,50D8000M0000WG,,PUTBACK
H00000117,1,100,GW0000M0008D05,1.1E+015,0,gone,1,0,0,0,0,0,0,0,0,1,50D8000M0000WG,,PUTBACK
H00000118,1,100,GW0000M0008D05,1.1E+015,0,away,1,0,0,0,0,0,0,0,0,1,50D8000M0000WG,,PUTBACK
H00000119,1,100,GW0000M0008D05,1.1E+015,0,temp,1,0,0,0,0,0,0,0,0,1,50D8000M0000WG,,PUTBACK
H00000120,1,100,GW0000M0005E01,1.1E+015,0,HRTB_F,1,0,0,0,0,0,0,0,0,1,10E5000M0000WG,,PUTBACK
H00000121,1,100,GW0000M0005E01,1.1E+015,0,HRTB_S,1,0,0,0,0,0,0,0,0,1,10E5000M0000WG,,PUTBACK
H00000122,1,100,GW0000M0005E01,1.1E+015,0,here,1,0,0,0,0,0,0,0,0,1,10E5000M0000WG,,PUTBACK
H00000123,1,100,GW0000M0005E01,1.1E+015,0,gone,1,0,0,0,0,0,0,0,0,1,10E5000M0000WG,,PUTBACK
H00000124,1,100,GW0000M0005E01,1.1E+015,0,away,1,0,0,0,0,0,0,0,0,1,10E5000M0000WG,,PUTBACK
H00000125,1,100,GW0000M0005E01,1.1E+015,0,temp,1,0,0,0,0,0,0,0,0,1,10E5000M0000WG,,PUTBACK
H00000126,1,100,GW0000M0006E02,1.1E+015,0,HRTB_F,1,0,0,0,0,0,0,0,0,1,20E6000M0000WG,,PUTBACK
H00000127,1,100,GW0000M0006E02,1.1E+015,0,HRTB_S,1,0,0,0,0,0,0,0,0,1,20E6000M0000WG,,PUTBACK
H00000128,1,100,GW0000M0006E02,1.1E+015,0,here,1,0,0,0,0,0,0,0,0,1,20E6000M0000WG,,PUTBACK
H00000129,1,100,GW0000M0006E02,1.1E+015,0,gone,1,0,0,0,0,0,0,0,0,1,20E6000M0000WG,,PUTBACK
H00000130,1,100,GW0000M0006E02,1.1E+015,0,away,1,0,0,0,0,0,0,0,0,1,20E6000M0000WG,,PUTBACK
H00000131,1,100,GW0000M0006E02,1.1E+015,0,temp,1,0,0,0,0,0,0,0,0,1,20E6000M0000WG,,PUTBACK
H00000132,1,100,GW0000M0007E03,1.1E+015,0,HRTB_F,1,0,0,0,0,0,0,0,0,1,30E7000M0000WG,,PUTBACK
H00000133,1,100,GW0000M0007E03,1.1E+015,0,HRTB_S,1,0,0,0,0,0,0,0,0,1,30E7000M0000WG,,PUTBACK
H00000134,1,100,GW0000M0007E03,1.1E+015,0,here,1,0,0,0,0,0,0,0,0,1,30E7000M0000WG,,PUTBACK
H00000135,1,100,GW0000M0007E03,1.1E+015,0,gone,1,0,0,0,0,0,0,0,0,1,30E7000M0000WG,,PUTBACK
H00000136,1,100,GW0000M0007E03,1.1E+015,0,away,1,0,0,0,0,0,0,0,0,1,30E7000M0000WG,,PUTBACK
H00000137,1,100,GW0000M0007E03,1.1E+015,0,temp,1,0,0,0,0,0,0,0,0,1,30E7000M0000WG,,PUTBACK
H00000138,1,100,GW0000M0008E04,1.1E+015,0,HRTB_F,1,0,0,0,0,0,0,0,0,1,40E8000M0000WG,,PUTBACK
H00000139,1,100,GW0000M0008E04,1.1E+015,0,HRTB_S,1,0,0,0,0,0,0,0,0,1,40E8000M0000WG,,PUTBACK
H00000140,1,100,GW0000M0008E04,1.1E+015,0,here,1,0,0,0,0,0,0,0,0,1,40E8000M0000WG,,PUTBACK
H00000141,1,100,GW0000M0008E04,1.1E+015,0,gone,1,0,0,0,0,0,0,0,0,1,40E8000M0000WG,,PUTBACK
H00000142,1,100,GW0000M0008E04,1.1E+015,0,away,1,0,0,0,0,0,0,0,0,1,40E8000M0000WG,,PUTBACK
H00000143,1,100,GW0000M0008E04,1.1E+015,0,temp,1,0,0,0,0,0,0,0,0,1,40E8000M0000WG,,PUTBACK
H00000144,1,100,GW0000M0009E05,1.1E+015,0,HRTB_F,1,0,0,0,0,0,0,0,0,1,50E9000M0000WG,,PUTBACK
H00000145,1,100,GW0000M0009E05,1.1E+015,0,HRTB_S,1,0,0,0,0,0,0,0,0,1,50E9000M0000WG,,PUTBACK
H00000146,1,100,GW0000M0009E05,1.1E+015,0,here,1,0,0,0,0,0,0,0,0,1,50E9000M0000WG,,PUTBACK
H00000147,1,100,GW0000M0009E05,1.1E+015,0,gone,1,0,0,0,0,0,0,0,0,1,50E9000M0000WG,,PUTBACK
H00000148,1,100,GW0000M0009E05,1.1E+015,0,away,1,0,0,0,0,0,0,0,0,1,50E9000M0000WG,,PUTBACK
H00000149,1,100,GW0000M0009E05,1.1E+015,0,temp,1,0,0,0,0,0,0,0,0,1,50E9000M0000WG,,PUTBACK
H00000150,1,100,GW0000M0001A01,1.1E+015,0,HRTB_F,1,0,0,0,0,0,0,0,0,1,10A1000M0000WG,,PUTBACK
H00000151,1,100,GW0000M0001A01,1.1E+015,0,HRTB_S,1,0,0,0,0,0,0,0,0,1,10A1000M0000WG,,PUTBACK
H00000152,1,100,GW0000M0001A01,1.1E+015,0,here,1,0,0,0,0,0,0,0,0,1,10A1000M0000WG,,PUTBACK
H00000153,1,100,GW0000M0001A01,1.1E+015,0,gone,1,0,0,0,0,0,0,0,0,1,10A1000M0000WG,,PUTBACK
H00000154,1,100,GW0000M0001A01,1.1E+015,0,away,1,0,0,0,0,0,0,0,0,1,10A1000M0000WG,,PUTBACK
H00000155,1,100,GW0000M0001A01,1.1E+015,0,temp,1,0,0,0,0,0,0,0,0,1,10A1000M0000WG,,PUTBACK
H00000156,1,100,GW0000M0002A02,1.1E+015,0,HRTB_F,1,0,0,0,0,0,0,0,0,1,20A2000M0000WG,,PUTBACK
H00000157,1,100,GW0000M0002A02,1.1E+015,0,HRTB_S,1,0,0,0,0,0,0,0,0,1,20A2000M0000WG,,PUTBACK
H00000158,1,100,GW0000M0002A02,1.1E+015,0,here,1,0,0,0,0,0,0,0,0,1,20A2000M0000WG,,PUTBACK
H00000159,1,100,GW0000M0002A02,1.1E+015,0,gone,1,0,0,0,0,0,0,0,0,1,20A2000M0000WG,,PUTBACK
H00000160,1,100,GW0000M0002A02,1.1E+015,0,away,1,0,0,0,0,0,0,0,0,1,20A2000M0000WG,,PUTBACK
H00000161,1,100,GW0000M0002A02,1.1E+015,0,temp,1,0,0,0,0,0,0,0,0,1,20A2000M0000WG,,PUTBACK
H00000162,1,100,GW0000M0003A03,1.1E+015,0,HRTB_F,1,0,0,0,0,0,0,0,0,1,30A3000M0000WG,,PUTBACK
H00000163,1,100,GW0000M0003A03,1.1E+015,0,HRTB_S,1,0,0,0,0,0,0,0,0,1,30A3000M0000WG,,PUTBACK
H00000164,1,100,GW0000M0003A03,1.1E+015,0,here,1,0,0,0,0,0,0,0,0,1,30A3000M0000WG,,PUTBACK
H00000165,1,100,GW0000M0003A03,1.1E+015,0,gone,1,0,0,0,0,0,0,0,0,1,30A3000M0000WG,,PUTBACK
H00000166,1,100,GW0000M0003A03,1.1E+015,0,away,1,0,0,0,0,0,0,0,0,1,30A3000M0000WG,,PUTBACK
H00000167,1,100,GW0000M0003A03,1.1E+015,0,temp,1,0,0,0,0,0,0,0,0,1,30A3000M0000WG,,PUTBACK
H00000168,1,100,GW0000M0004A04,1.1E+015,0,HRTB_F,1,0,0,0,0,0,0,0,0,1,40A4000M0000WG,,PUTBACK
H00000169,1,100,GW0000M0004A04,1.1E+015,0,HRTB_S,1,0,0,0,0,0,0,0,0,1,40A4000M0000WG,,PUTBACK
H00000170,1,100,GW0000M0004A04,1.1E+015,0,here,1,0,0,0,0,0,0,0,0,1,40A4000M0000WG,,PUTBACK
H00000171,1,100,GW0000M0004A04,1.1E+015,0,gone,1,0,0,0,0,0,0,0,0,1,40A4000M0000WG,,PUTBACK
H00000172,1,100,GW0000M0004A04,1.1E+015,0,away,1,0,0,0,0,0,0,0,0,1,40A4000M0000WG,,PUTBACK
H00000173,1,100,GW0000M0004A04,1.1E+015,0,temp,1,0,0,0,0,0,0,0,0,1,40A4000M0000WG,,PUTBACK
H00000174,1,100,GW0000M0005A05,1.1E+015,0,HRTB_F,1,0,0,0,0,0,0,0,0,1,50A5000M0000WG,,PUTBACK
H00000175,1,100,GW0000M0005A05,1.1E+015,0,HRTB_S,1,0,0,0,0,0,0,0,0,1,50A5000M0000WG,,PUTBACK
H00000176,1,100,GW0000M0005A05,1.1E+015,0,here,1,0,0,0,0,0,0,0,0,1,50A5000M0000WG,,PUTBACK
H00000177,1,100,GW0000M0005A05,1.1E+015,0,gone,1,0,0,0,0,0,0,0,0,1,50A5000M0000WG,,PUTBACK
H00000178,1,100,GW0000M0005A05,1.1E+015,0,away,1,0,0,0,0,0,0,0,0,1,50A5000M0000WG,,PUTBACK
H00000179,1,100,GW0000M0005A05,1.1E+015,0,temp,1,0,0,0,0,0,0,0,0,1,50A5000M0000WG,,PUTBACK
H00000180,1,100,GW0000M0002B01,1.1E+015,0,HRTB_F,1,0,0,0,0,0,0,0,0,1,10B2000M0000WG,,PUTBACK
H00000181,1,100,GW0000M0002B01,1.1E+015,0,HRTB_S,1,0,0,0,0,0,0,0,0,1,10B2000M0000WG,,PUTBACK
H00000182,1,100,GW0000M0002B01,1.1E+015,0,here,1,0,0,0,0,0,0,0,0,1,10B2000M0000WG,,PUTBACK
H00000183,1,100,GW0000M0002B01,1.1E+015,0,gone,1,0,0,0,0,0,0,0,0,1,10B2000M0000WG,,PUTBACK
H00000184,1,100,GW0000M0002B01,1.1E+015,0,away,1,0,0,0,0,0,0,0,0,1,10B2000M0000WG,,PUTBACK
H00000185,1,100,GW0000M0002B01,1.1E+015,0,temp,1,0,0,0,0,0,0,0,0,1,10B2000M0000WG,,PUTBACK
H00000186,1,100,GW0000M0003B02,1.1E+015,0,HRTB_F,1,0,0,0,0,0,0,0,0,1,20B3000M0000WG,,PUTBACK
H00000187,1,100,GW0000M0003B02,1.1E+015,0,HRTB_S,1,0,0,0,0,0,0,0,0,1,20B3000M0000WG,,PUTBACK
H00000188,1,100,GW0000M0003B02,1.1E+015,0,here,1,0,0,0,0,0,0,0,0,1,20B3000M0000WG,,PUTBACK
H00000189,1,100,GW0000M0003B02,1.1E+015,0,gone,1,0,0,0,0,0,0,0,0,1,20B3000M0000WG,,PUTBACK
H00000190,1,100,GW0000M0003B02,1.1E+015,0,away,1,0,0,0,0,0,0,0,0,1,20B3000M0000WG,,PUTBACK
H00000191,1,100,GW0000M0003B02,1.1E+015,0,temp,1,0,0,0,0,0,0,0,0,1,20B3000M0000WG,,PUTBACK
H00000192,1,100,GW0000M0004B03,1.1E+015,0,HRTB_F,1,0,0,0,0,0,0,0,0,1,30B4000M0000WG,,PUTBACK
H00000193,1,100,GW0000M0004B03,1.1E+015,0,HRTB_S,1,0,0,0,0,0,0,0,0,1,30B4000M0000WG,,PUTBACK
H00000194,1,100,GW0000M0004B03,1.1E+015,0,here,1,0,0,0,0,0,0,0,0,1,30B4000M0000WG,,PUTBACK
H00000195,1,100,GW0000M0004B03,1.1E+015,0,gone,1,0,0,0,0,0,0,0,0,1,30B4000M0000WG,,PUTBACK
H00000196,1,100,GW0000M0004B03,1.1E+015,0,away,1,0,0,0,0,0,0,0,0,1,30B4000M0000WG,,PUTBACK
H00000197,1,100,GW0000M0004B03,1.1E+015,0,temp,1,0,0,0,0,0,0,0,0,1,30B4000M0000WG,,PUTBACK
H00000198,1,100,GW0000M0005B04,1.1E+015,0,HRTB_F,1,0,0,0,0,0,0,0,0,1,40B5000M0000WG,,PUTBACK
H00000199,1,100,GW0000M0005B04,1.1E+015,0,HRTB_S,1,0,0,0,0,0,0,0,0,1,40B5000M0000WG,,PUTBACK
H00000200,1,100,GW0000M0005B04,1.1E+015,0,here,1,0,0,0,0,0,0,0,0,1,40B5000M0000WG,,PUTBACK
H00000201,1,100,GW0000M0005B04,1.1E+015,0,gone,1,0,0,0,0,0,0,0,0,1,40B5000M0000WG,,PUTBACK
H00000202,1,100,GW0000M0005B04,1.1E+015,0,away,1,0,0,0,0,0,0,0,0,1,40B5000M0000WG,,PUTBACK
H00000203,1,100,GW0000M0005B04,1.1E+015,0,temp,1,0,0,0,0,0,0,0,0,1,40B5000M0000WG,,PUTBACK
H00000204,1,100,GW0000M0006B05,1.1E+015,0,HRTB_F,1,0,0,0,0,0,0,0,0,1,50B6000M0000WG,,PUTBACK
H00000205,1,100,GW0000M0006B05,1.1E+015,0,HRTB_S,1,0,0,0,0,0,0,0,0,1,50B6000M0000WG,,PUTBACK
H00000206,1,100,GW0000M0006B05,1.1E+015,0,here,1,0,0,0,0,0,0,0,0,1,50B6000M0000WG,,PUTBACK
H00000207,1,100,GW0000M0006B05,1.1E+015,0,gone,1,0,0,0,0,0,0,0,0,1,50B6000M0000WG,,PUTBACK
H00000208,1,100,GW0000M0006B05,1.1E+015,0,away,1,0,0,0,0,0,0,0,0,1,50B6000M0000WG,,PUTBACK
H00000209,1,100,GW0000M0006B05,1.1E+015,0,temp,1,0,0,0,0,0,0,0,0,1,50B6000M0000WG,,PUTBACK
H00000210,1,100,GW0000M0003C01,1.1E+015,0,HRTB_F,1,0,0,0,0,0,0,0,0,1,10C3000M0000WG,,PUTBACK
H00000211,1,100,GW0000M0003C01,1.1E+015,0,HRTB_S,1,0,0,0,0,0,0,0,0,1,10C3000M0000WG,,PUTBACK
H00000212,1,100,GW0000M0003C01,1.1E+015,0,here,1,0,0,0,0,0,0,0,0,1,10C3000M0000WG,,PUTBACK
H00000213,1,100,GW0000M0003C01,1.1E+015,0,gone,1,0,0,0,0,0,0,0,0,1,10C3000M0000WG,,PUTBACK
H00000214,1,100,GW0000M0003C01,1.1E+015,0,away,1,0,0,0,0,0,0,0,0,1,10C3000M0000WG,,PUTBACK
H00000215,1,100,GW0000M0003C01,1.1E+015,0,temp,1,0,0,0,0,0,0,0,0,1,10C3000M0000WG,,PUTBACK
H00000216,1,100,GW0000M0004C02,1.1E+015,0,HRTB_F,1,0,0,0,0,0,0,0,0,1,20C4000M0000WG,,PUTBACK
H00000217,1,100,GW0000M0004C02,1.1E+015,0,HRTB_S,1,0,0,0,0,0,0,0,0,1,20C4000M0000WG,,PUTBACK
H00000218,1,100,GW0000M0004C02,1.1E+015,0,here,1,0,0,0,0,0,0,0,0,1,20C4000M0000WG,,PUTBACK
H00000219,1,100,GW0000M0004C02,1.1E+015,0,gone,1,0,0,0,0,0,0,0,0,1,20C4000M0000WG,,PUTBACK
H00000220,1,100,GW0000M0004C02,1.1E+015,0,away,1,0,0,0,0,0,0,0,0,1,20C4000M0000WG,,PUTBACK
H00000221,1,100,GW0000M0004C02,1.1E+015,0,temp,1,0,0,0,0,0,0,0,0,1,20C4000M0000WG,,PUTBACK
H00000222,1,100,GW0000M0005C03,1.1E+015,0,HRTB_F,1,0,0,0,0,0,0,0,0,1,30C5000M0000WG,,PUTBACK
H00000223,1,100,GW0000M0005C03,1.1E+015,0,HRTB_S,1,0,0,0,0,0,0,0,0,1,30C5000M0000WG,,PUTBACK
H00000224,1,100,GW0000M0005C03,1.1E+015,0,here,1,0,0,0,0,0,0,0,0,1,30C5000M0000WG,,PUTBACK
H00000225,1,100,GW0000M0005C03,1.1E+015,0,gone,1,0,0,0,0,0,0,0,0,1,30C5000M0000WG,,PUTBACK
H00000226,1,100,GW0000M0005C03,1.1E+015,0,away,1,0,0,0,0,0,0,0,0,1,30C5000M0000WG,,PUTBACK
H00000227,1,100,GW0000M0005C03,1.1E+015,0,temp,1,0,0,0,0,0,0,0,0,1,30C5000M0000WG,,PUTBACK
H00000228,1,100,GW0000M0006C04,1.1E+015,0,HRTB_F,1,0,0,0,0,0,0,0,0,1,40C6000M0000WG,,PUTBACK
H00000229,1,100,GW0000M0006C04,1.1E+015,0,HRTB_S,1,0,0,0,0,0,0,0,0,1,40C6000M0000WG,,PUTBACK
H00000230,1,100,GW0000M0006C04,1.1E+015,0,here,1,0,0,0,0,0,0,0,0,1,40C6000M0000WG,,PUTBACK
H00000231,1,100,GW0000M0006C04,1.1E+015,0,gone,1,0,0,0,0,0,0,0,0,1,40C6000M0000WG,,PUTBACK
H00000232,1,100,GW0000M0006C04,1.1E+015,0,away,1,0,0,0,0,0,0,0,0,1,40C6000M0000WG,,PUTBACK
H00000233,1,100,GW0000M0006C04,1.1E+015,0,temp,1,0,0,0,0,0,0,0,0,1,40C6000M0000WG,,PUTBACK
H00000234,1,100,GW0000M0007C05,1.1E+015,0,HRTB_F,1,0,0,0,0,0,0,0,0,1,50C7000M0000WG,,PUTBACK
H00000235,1,100,GW0000M0007C05,1.1E+015,0,HRTB_S,1,0,0,0,0,0,0,0,0,1,50C7000M0000WG,,PUTBACK
H00000236,1,100,GW0000M0007C05,1.1E+015,0,here,1,0,0,0,0,0,0,0,0,1,50C7000M0000WG,,PUTBACK
H00000237,1,100,GW0000M0007C05,1.1E+015,0,gone,1,0,0,0,0,0,0,0,0,1,50C7000M0000WG,,PUTBACK
H00000238,1,100,GW0000M0007C05,1.1E+015,0,away,1,0,0,0,0,0,0,0,0,1,50C7000M0000WG,,PUTBACK
H00000239,1,100,GW0000M0007C05,1.1E+015,0,temp,1,0,0,0,0,0,0,0,0,1,50C7000M0000WG,,PUTBACK
H00000240,1,100,GW0000M0004D01,1.1E+015,0,HRTB_F,1,0,0,0,0,0,0,0,0,1,10D4000M0000WG,,PUTBACK
H00000241,1,100,GW0000M0004D01,1.1E+015,0,HRTB_S,1,0,0,0,0,0,0,0,0,1,10D4000M0000WG,,PUTBACK
H00000242,1,100,GW0000M0004D01,1.1E+015,0,here,1,0,0,0,0,0,0,0,0,1,10D4000M0000WG,,PUTBACK
H00000243,1,100,GW0000M0004D01,1.1E+015,0,gone,1,0,0,0,0,0,0,0,0,1,10D4000M0000WG,,PUTBACK
H00000244,1,100,GW0000M0004D01,1.1E+015,0,away,1,0,0,0,0,0,0,0,0,1,10D4000M0000WG,,PUTBACK
H00000245,1,100,GW0000M0004D01,1.1E+015,0,temp,1,0,0,0,0,0,0,0,0,1,10D4000M0000WG,,PUTBACK
H00000246,1,100,GW0000M0005D02,1.1E+015,0,HRTB_F,1,0,0,0,0,0,0,0,0,1,20D5000M0000WG,,PUTBACK
H00000247,1,100,GW0000M0005D02,1.1E+015,0,HRTB_S,1,0,0,0,0,0,0,0,0,1,20D5000M0000WG,,PUTBACK
H00000248,1,100,GW0000M0005D02,1.1E+015,0,here,1,0,0,0,0,0,0,0,0,1,20D5000M0000WG,,PUTBACK
H00000249,1,100,GW0000M0005D02,1.1E+015,0,gone,1,0,0,0,0,0,0,0,0,1,20D5000M0000WG,,PUTBACK
H00000250,1,100,GW0000M0005D02,1.1E+015,0,away,1,0,0,0,0,0,0,0,0,1,20D5000M0000WG,,PUTBACK
H00000251,1,100,GW0000M0005D02,1.1E+015,0,temp,1,0,0,0,0,0,0,0,0,1,20D5000M0000WG,,PUTBACK
H00000252,1,100,GW0000M0006D03,1.1E+015,0,HRTB_F,1,0,0,0,0,0,0,0,0,1,30D6000M0000WG,,PUTBACK
H00000253,1,100,GW0000M0006D03,1.1E+015,0,HRTB_S,1,0,0,0,0,0,0,0,0,1,30D6000M0000WG,,PUTBACK
H00000254,1,100,GW0000M0006D03,1.1E+015,0,here,1,0,0,0,0,0,0,0,0,1,30D6000M0000WG,,PUTBACK
H00000255,1,100,GW0000M0006D03,1.1E+015,0,gone,1,0,0,0,0,0,0,0,0,1,30D6000M0000WG,,PUTBACK
H00000256,1,100,GW0000M0006D03,1.1E+015,0,away,1,0,0,0,0,0,0,0,0,1,30D6000M0000WG,,PUTBACK
H00000257,1,100,GW0000M0006D03,1.1E+015,0,temp,1,0,0,0,0,0,0,0,0,1,30D6000M0000WG,,PUTBACK
H00000258,1,100,GW0000M0007D04,1.1E+015,0,HRTB_F,1,0,0,0,0,0,0,0,0,1,40D7000M0000WG,,PUTBACK
H00000259,1,100,GW0000M0007D04,1.1E+015,0,HRTB_S,1,0,0,0,0,0,0,0,0,1,40D7000M0000WG,,PUTBACK
H00000260,1,100,GW0000M0007D04,1.1E+015,0,here,1,0,0,0,0,0,0,0,0,1,40D7000M0000WG,,PUTBACK
H00000261,1,100,GW0000M0007D04,1.1E+015,0,gone,1,0,0,0,0,0,0,0,0,1,40D7000M0000WG,,PUTBACK
H00000262,1,100,GW0000M0007D04,1.1E+015,0,away,1,0,0,0,0,0,0,0,0,1,40D7000M0000WG,,PUTBACK
H00000263,1,100,GW0000M0007D04,1.1E+015,0,temp,1,0,0,0,0,0,0,0,0,1,40D7000M0000WG,,PUTBACK
H00000264,1,100,GW0000M0008D05,1.1E+015,0,HRTB_F,1,0,0,0,0,0,0,0,0,1,50D8000M0000WG,,PUTBACK
H00000265,1,100,GW0000M0008D05,1.1E+015,0,HRTB_S,1,0,0,0,0,0,0,0,0,1,50D8000M0000WG,,PUTBACK
H00000266,1,100,GW0000M0008D05,1.1E+015,0,here,1,0,0,0,0,0,0,0,0,1,50D8000M0000WG,,PUTBACK
H00000267,1,100,GW0000M0008D05,1.1E+015,0,gone,1,0,0,0,0,0,0,0,0,1,50D8000M0000WG,,PUTBACK
H00000268,1,100,GW0000M0008D05,1.1E+015,0,away,1,0,0,0,0,0,0,0,0,1,50D8000M0000WG,,PUTBACK
H00000269,1,100,GW0000M0008D05,1.1E+015,0,temp,1,0,0,0,0,0,0,0,0,1,50D8000M0000WG,,PUTBACK
H00000270,1,100,GW0000M0005E01,1.1E+015,0,HRTB_F,1,0,0,0,0,0,0,0,0,1,10E5000M0000WG,,PUTBACK
H00000271,1,100,GW0000M0005E01,1.1E+015,0,HRTB_S,1,0,0,0,0,0,0,0,0,1,10E5000M0000WG,,PUTBACK
H00000272,1,100,GW0000M0005E01,1.1E+015,0,here,1,0,0,0,0,0,0,0,0,1,10E5000M0000WG,,PUTBACK
H00000273,1,100,GW0000M0005E01,1.1E+015,0,gone,1,0,0,0,0,0,0,0,0,1,10E5000M0000WG,,PUTBACK
H00000274,1,100,GW0000M0005E01,1.1E+015,0,away,1,0,0,0,0,0,0,0,0,1,10E5000M0000WG,,PUTBACK
H00000275,1,100,GW0000M0005E01,1.1E+015,0,temp,1,0,0,0,0,0,0,0,0,1,10E5000M0000WG,,PUTBACK
H00000276,1,100,GW0000M0006E02,1.1E+015,0,HRTB_F,1,0,0,0,0,0,0,0,0,1,20E6000M0000WG,,PUTBACK
H00000277,1,100,GW0000M0006E02,1.1E+015,0,HRTB_S,1,0,0,0,0,0,0,0,0,1,20E6000M0000WG,,PUTBACK
H00000278,1,100,GW0000M0006E02,1.1E+015,0,here,1,0,0,0,0,0,0,0,0,1,20E6000M0000WG,,PUTBACK
H00000279,1,100,GW0000M0006E02,1.1E+015,0,gone,1,0,0,0,0,0,0,0,0,1,20E6000M0000WG,,PUTBACK
H00000280,1,100,GW0000M0006E02,1.1E+015,0,away,1,0,0,0,0,0,0,0,0,1,20E6000M0000WG,,PUTBACK
H00000281,1,100,GW0000M0006E02,1.1E+015,0,temp,1,0,0,0,0,0,0,0,0,1,20E6000M0000WG,,PUTBACK
H00000282,1,100,GW0000M0007E03,1.1E+015,0,HRTB_F,1,0,0,0,0,0,0,0,0,1,30E7000M0000WG,,PUTBACK
H00000283,1,100,GW0000M0007E03,1.1E+015,0,HRTB_S,1,0,0,0,0,0,0,0,0,1,30E7000M0000WG,,PUTBACK
H00000284,1,100,GW0000M0007E03,1.1E+015,0,here,1,0,0,0,0,0,0,0,0,1,30E7000M0000WG,,PUTBACK
H00000285,1,100,GW0000M0007E03,1.1E+015,0,gone,1,0,0,0,0,0,0,0,0,1,30E7000M0000WG,,PUTBACK
H00000286,1,100,GW0000M0007E03,1.1E+015,0,away,1,0,0,0,0,0,0,0,0,1,30E7000M0000WG,,PUTBACK
H00000287,1,100,GW0000M0007E03,1.1E+015,0,temp,1,0,0,0,0,0,0,0,0,1,30E7000M0000WG,,PUTBACK
H00000288,1,100,GW0000M0008E04,1.1E+015,0,HRTB_F,1,0,0,0,0,0,0,0,0,1,40E8000M0000WG,,PUTBACK
H00000289,1,100,GW0000M0008E04,1.1E+015,0,HRTB_S,1,0,0,0,0,0,0,0,0,1,40E8000M0000WG,,PUTBACK
H00000290,1,100,GW0000M0008E04,1.1E+015,0,here,1,0,0,0,0,0,0,0,0,1,40E8000M0000WG,,PUTBACK
H00000291,1,100,GW0000M0008E04,1.1E+015,0,gone,1,0,0,0,0,0,0,0,0,1,40E8000M0000WG,,PUTBACK
H00000292,1,100,GW0000M0008E04,1.1E+015,0,away,1,0,0,0,0,0,0,0,0,1,40E8000M0000WG,,PUTBACK
H00000293,1,100,GW0000M0008E04,1.1E+015,0,temp,1,0,0,0,0,0,0,0,0,1,40E8000M0000WG,,PUTBACK
H00000294,1,100,GW0000M0009E05,1.1E+015,0,HRTB_F,1,0,0,0,0,0,0,0,0,1,50E9000M0000WG,,PUTBACK
H00000295,1,100,GW0000M0009E05,1.1E+015,0,HRTB_S,1,0,0,0,0,0,0,0,0,1,50E9000M0000WG,,PUTBACK
H00000296,1,100,GW0000M0009E05,1.1E+015,0,here,1,0,0,0,0,0,0,0,0,1,50E9000M0000WG,,PUTBACK
H00000297,1,100,GW0000M0009E05,1.1E+015,0,gone,1,0,0,0,0,0,0,0,0,1,50E9000M0000WG,,PUTBACK
H00000298,1,100,GW0000M0009E05,1.1E+015,0,away,1,0,0,0,0,0,0,0,0,1,50E9000M0000WG,,PUTBACK
H00000299,1,100,GW0000M0009E05,1.1E+015,0,temp,1,0,0,0,0,0,0,0,0,1,50E9000M0000WG,,PUTBACK
H00000300,1,100,GW0000M0001A01,1.1E+015,0,HRTB_F,1,0,0,0,0,0,0,0,0,1,10A1000M0000WG,,PUTBACK
H00000301,1,100,GW0000M0001A01,1.1E+015,0,HRTB_S,1,0,0,0,0,0,0,0,0,1,10A1000M0000WG,,PUTBACK
H00000302,1,100,GW0000M0001A01,1.1E+015,0,here,1,0,0,0,0,0,0,0,0,1,10A1000M0000WG,,PUTBACK
H00000303,1,100,GW0000M0001A01,1.1E+015,0,gone,1,0,0,0,0,0,0,0,0,1,10A1000M0000WG,,PUTBACK
H00000304,1,100,GW0000M0001A01,1.1E+015,0,away,1,0,0,0,0,0,0,0,0,1,10A1000M0000WG,,PUTBACK
H00000305,1,100,GW0000M0001A01,1.1E+015,0,temp,1,0,0,0,0,0,0,0,0,1,10A1000M0000WG,,PUTBACK
H00000306,1,100,GW0000M0002A02,1.1E+015,0,HRTB_F,1,0,0,0,0,0,0,0,0,1,20A2000M0000WG,,PUTBACK
H00000307,1,100,GW0000M0002A02,1.1E+015,0,HRTB_S,1,0,0,0,0,0,0,0,0,1,20A2000M0000WG,,PUTBACK
H00000308,1,100,GW0000M0002A02,1.1E+015,0,here,1,0,0,0,0,0,0,0,0,1,20A2000M0000WG,,PUTBACK
H00000309,1,100,GW0000M0002A02,1.1E+015,0,gone,1,0,0,0,0,0,0,0,0,1,20A2000M0000WG,,PUTBACK
H00000310,1,100,GW0000M0002A02,1.1E+015,0,away,1,0,0,0,0,0,0,0,0,1,20A2000M0000WG,,PUTBACK
H00000311,1,100,GW0000M0002A02,1.1E+015,0,temp,1,0,0,0,0,0,0,0,0,1,20A2000M0000WG,,PUTBACK
H00000312,1,100,GW0000M0003A03,1.1E+015,0,HRTB_F,1,0,0,0,0,0,0,0,0,1,30A3000M0000WG,,PUTBACK
H00000313,1,100,GW0000M0003A03,1.1E+015,0,HRTB_S,1,0,0,0,0,0,0,0,0,1,30A3000M0000WG,,PUTBACK
H00000314,1,100,GW0000M0003A03,1.1E+015,0,here,1,0,0,0,0,0,0,0,0,1,30A3000M0000WG,,PUTBACK
H00000315,1,100,GW0000M0003A03,1.1E+015,0,gone,1,0,0,0,0,0,0,0,0,1,30A3000M0000WG,,PUTBACK
H00000316,1,100,GW0000M0003A03,1.1E+015,0,away,1,0,0,0,0,0,0,0,0,1,30A3000M0000WG,,PUTBACK
H00000317,1,100,GW0000M0003A03,1.1E+015,0,temp,1,0,0,0,0,0,0,0,0,1,30A3000M0000WG,,PUTBACK
H00000318,1,100,GW0000M0004A04,1.1E+015,0,HRTB_F,1,0,0,0,0,0,0,0,0,1,40A4000M0000WG,,PUTBACK
H00000319,1,100,GW0000M0004A04,1.1E+015,0,HRTB_S,1,0,0,0,0,0,0,0,0,1,40A4000M0000WG,,PUTBACK
H00000320,1,100,GW0000M0004A04,1.1E+015,0,here,1,0,0,0,0,0,0,0,0,1,40A4000M0000WG,,PUTBACK
H00000321,1,100,GW0000M0004A04,1.1E+015,0,gone,1,0,0,0,0,0,0,0,0,1,40A4000M0000WG,,PUTBACK
H00000322,1,100,GW0000M0004A04,1.1E+015,0,away,1,0,0,0,0,0,0,0,0,1,40A4000M0000WG,,PUTBACK
H00000323,1,100,GW0000M0004A04,1.1E+015,0,temp,1,0,0,0,0,0,0,0,0,1,40A4000M0000WG,,PUTBACK
H00000324,1,100,GW0000M0005A05,1.1E+015,0,HRTB_F,1,0,0,0,0,0,0,0,0,1,50A5000M0000WG,,PUTBACK
H00000325,1,100,GW0000M0005A05,1.1E+015,0,HRTB_S,1,0,0,0,0,0,0,0,0,1,50A5000M0000WG,,PUTBACK
H00000326,1,100,GW0000M0005A05,1.1E+015,0,here,1,0,0,0,0,0,0,0,0,1,50A5000M0000WG,,PUTBACK
H00000327,1,100,GW0000M0005A05,1.1E+015,0,gone,1,0,0,0,0,0,0,0,0,1,50A5000M0000WG,,PUTBACK
H00000328,1,100,GW0000M0005A05,1.1E+015,0,away,1,0,0,0,0,0,0,0,0,1,50A5000M0000WG,,PUTBACK
H00000329,1,100,GW0000M0005A05,1.1E+015,0,temp,1,0,0,0,0,0,0,0,0,1,50A5000M0000WG,,PUTBACK
H00000330,1,100,GW0000M0002B01,1.1E+015,0,HRTB_F,1,0,0,0,0,0,0,0,0,1,10B2000M0000WG,,PUTBACK
H00000331,1,100,GW0000M0002B01,1.1E+015,0,HRTB_S,1,0,0,0,0,0,0,0,0,1,10B2000M0000WG,,PUTBACK
H00000332,1,100,GW0000M0002B01,1.1E+015,0,here,1,0,0,0,0,0,0,0,0,1,10B2000M0000WG,,PUTBACK
H00000333,1,100,GW0000M0002B01,1.1E+015,0,gone,1,0,0,0,0,0,0,0,0,1,10B2000M0000WG,,PUTBACK
H00000334,1,100,GW0000M0002B01,1.1E+015,0,away,1,0,0,0,0,0,0,0,0,1,10B2000M0000WG,,PUTBACK
H00000335,1,100,GW0000M0002B01,1.1E+015,0,temp,1,0,0,0,0,0,0,0,0,1,10B2000M0000WG,,PUTBACK
H00000336,1,100,GW0000M0003B02,1.1E+015,0,HRTB_F,1,0,0,0,0,0,0,0,0,1,20B3000M0000WG,,PUTBACK
H00000337,1,100,GW0000M0003B02,1.1E+015,0,HRTB_S,1,0,0,0,0,0,0,0,0,1,20B3000M0000WG,,PUTBACK
H00000338,1,100,GW0000M0003B02,1.1E+015,0,here,1,0,0,0,0,0,0,0,0,1,20B3000M0000WG,,PUTBACK
H00000339,1,100,GW0000M0003B02,1.1E+015,0,gone,1,0,0,0,0,0,0,0,0,1,20B3000M0000WG,,PUTBACK
H00000340,1,100,GW0000M0003B02,1.1E+015,0,away,1,0,0,0,0,0,0,0,0,1,20B3000M0000WG,,PUTBACK
H00000341,1,100,GW0000M0003B02,1.1E+015,0,temp,1,0,0,0,0,0,0,0,0,1,20B3000M0000WG,,PUTBACK
H00000342,1,100,GW0000M0004B03,1.1E+015,0,HRTB_F,1,0,0,0,0,0,0,0,0,1,30B4000M0000WG,,PUTBACK
H00000343,1,100,GW0000M0004B03,1.1E+015,0,HRTB_S,1,0,0,0,0,0,0,0,0,1,30B4000M0000WG,,PUTBACK
H00000344,1,100,GW0000M0004B03,1.1E+015,0,here,1,0,0,0,0,0,0,0,0,1,30B4000M0000WG,,PUTBACK
H00000345,1,100,GW0000M0004B03,1.1E+015,0,gone,1,0,0,0,0,0,0,0,0,1,30B4000M0000WG,,PUTBACK
H00000346,1,100,GW0000M0004B03,1.1E+015,0,away,1,0,0,0,0,0,0,0,0,1,30B4000M0000WG,,PUTBACK
H00000347,1,100,GW0000M0004B03,1.1E+015,0,temp,1,0,0,0,0,0,0,0,0,1,30B4000M0000WG,,PUTBACK
H00000348,1,100,GW0000M0005B04,1.1E+015,0,HRTB_F,1,0,0,0,0,0,0,0,0,1,40B5000M0000WG,,PUTBACK
H00000349,1,100,GW0000M0005B04,1.1E+015,0,HRTB_S,1,0,0,0,0,0,0,0,0,1,40B5000M0000WG,,PUTBACK
H00000350,1,100,GW0000M0005B04,1.1E+015,0,here,1,0,0,0,0,0,0,0,0,1,40B5000M0000WG,,PUTBACK
H00000351,1,100,GW0000M0005B04,1.1E+015,0,gone,1,0,0,0,0,0,0,0,0,1,40B5000M0000WG,,PUTBACK
H00000352,1,100,GW0000M0005B04,1.1E+015,0,away,1,0,0,0,0,0,0,0,0,1,40B5000M0000WG,,PUTBACK
H00000353,1,100,GW0000M0005B04,1.1E+015,0,temp,1,0,0,0,0,0,0,0,0,1,40B5000M0000WG,,PUTBACK
H00000354,1,100,GW0000M0006B05,1.1E+015,0,HRTB_F,1,0,0,0,0,0,0,0,0,1,50B6000M0000WG,,PUTBACK
H00000355,1,100,GW0000M0006B05,1.1E+015,0,HRTB_S,1,0,0,0,0,0,0,0,0,1,50B6000M0000WG,,PUTBACK
H00000356,1,100,GW0000M0006B05,1.1E+015,0,here,1,0,0,0,0,0,0,0,0,1,50B6000M0000WG,,PUTBACK
H00000357,1,100,GW0000M0006B05,1.1E+015,0,gone,1,0,0,0,0,0,0,0,0,1,50B6000M0000WG,,PUTBACK
H00000358,1,100,GW0000M0006B05,1.1E+015,0,away,1,0,0,0,0,0,0,0,0,1,50B6000M0000WG,,PUTBACK
H00000359,1,100,GW0000M0006B05,1.1E+015,0,temp,1,0,0,0,0,0,0,0,0,1,50B6000M0000WG,,PUTBACK
H00000360,1,100,GW0000M0003C01,1.1E+015,0,HRTB_F,1,0,0,0,0,0,0,0,0,1,10C3000M0000WG,,PUTBACK
H00000361,1,100,GW0000M0003C01,1.1E+015,0,HRTB_S,1,0,0,0,0,0,0,0,0,1,10C3000M0000WG,,PUTBACK
H00000362,1,100,GW0000M0003C01,1.1E+015,0,here,1,0,0,0,0,0,0,0,0,1,10C3000M0000WG,,PUTBACK
H00000363,1,100,GW0000M0003C01,1.1E+015,0,gone,1,0,0,0,0,0,0,0,0,1,10C3000M0000WG,,PUTBACK
H00000364,1,100,GW0000M0003C01,1.1E+015,0,away,1,0,0,0,0,0,0,0,0,1,10C3000M0000WG,,PUTBACK
H00000365,1,100,GW0000M0003C01,1.1E+015,0,temp,1,0,0,0,0,0,0,0,0,1,10C3000M0000WG,,PUTBACK
H00000366,1,100,GW0000M0004C02,1.1E+015,0,HRTB_F,1,0,0,0,0,0,0,0,0,1,20C4000M0000WG,,PUTBACK
H00000367,1,100,GW0000M0004C02,1.1E+015,0,HRTB_S,1,0,0,0,0,0,0,0,0,1,20C4000M0000WG,,PUTBACK
H00000368,1,100,GW0000M0004C02,1.1E+015,0,here,1,0,0,0,0,0,0,0,0,1,20C4000M0000WG,,PUTBACK
H00000369,1,100,GW0000M0004C02,1.1E+015,0,gone,1,0,0,0,0,0,0,0,0,1,20C4000M0000WG,,PUTBACK
H00000370,1,100,GW0000M0004C02,1.1E+015,0,away,1,0,0,0,0,0,0,0,0,1,20C4000M0000WG,,PUTBACK
H00000371,1,100,GW0000M0004C02,1.1E+015,0,temp,1,0,0,0,0,0,0,0,0,1,20C4000M0000WG,,PUTBACK
H00000372,1,100,GW0000M0005C03,1.1E+015,0,HRTB_F,1,0,0,0,0,0,0,0,0,1,30C5000M0000WG,,PUTBACK
H00000373,1,100,GW0000M0005C03,1.1E+015,0,HRTB_S,1,0,0,0,0,0,0,0,0,1,30C5000M0000WG,,PUTBACK
H00000374,1,100,GW0000M0005C03,1.1E+015,0,here,1,0,0,0,0,0,0,0,0,1,30C5000M0000WG,,PUTBACK
H00000375,1,100,GW0000M0005C03,1.1E+015,0,gone,1,0,0,0,0,0,0,0,0,1,30C5000M0000WG,,PUTBACK
H00000376,1,100,GW0000M0005C03,1.1E+015,0,away,1,0,0,0,0,0,0,0,0,1,30C5000M0000WG,,PUTBACK
H00000377,1,100,GW0000M0005C03,1.1E+015,0,temp,1,0,0,0,0,0,0,0,0,1,30C5000M0000WG,,PUTBACK
H00000378,1,100,GW0000M0006C04,1.1E+015,0,HRTB_F,1,0,0,0,0,0,0,0,0,1,40C6000M0000WG,,PUTBACK
H00000379,1,100,GW0000M0006C04,1.1E+015,0,HRTB_S,1,0,0,0,0,0,0,0,0,1,40C6000M0000WG,,PUTBACK
H00000380,1,100,GW0000M0006C04,1.1E+015,0,here,1,0,0,0,0,0,0,0,0,1,40C6000M0000WG,,PUTBACK
H00000381,1,100,GW0000M0006C04,1.1E+015,0,gone,1,0,0,0,0,0,0,0,0,1,40C6000M0000WG,,PUTBACK
H00000382,1,100,GW0000M0006C04,1.1E+015,0,away,1,0,0,0,0,0,0,0,0,1,40C6000M0000WG,,PUTBACK
H00000383,1,100,GW0000M0006C04,1.1E+015,0,temp,1,0,0,0,0,0,0,0,0,1,40C6000M0000WG,,PUTBACK
H00000384,1,100,GW0000M0007C05,1.1E+015,0,HRTB_F,1,0,0,0,0,0,0,0,0,1,50C7000M0000WG,,PUTBACK
H00000385,1,100,GW0000M0007C05,1.1E+015,0,HRTB_S,1,0,0,0,0,0,0,0,0,1,50C7000M0000WG,,PUTBACK
H00000386,1,100,GW0000M0007C05,1.1E+015,0,here,1,0,0,0,0,0,0,0,0,1,50C7000M0000WG,,PUTBACK
H00000387,1,100,GW0000M0007C05,1.1E+015,0,gone,1,0,0,0,0,0,0,0,0,1,50C7000M0000WG,,PUTBACK
H00000388,1,100,GW0000M0007C05,1.1E+015,0,away,1,0,0,0,0,0,0,0,0,1,50C7000M0000WG,,PUTBACK
H00000389,1,100,GW0000M0007C05,1.1E+015,0,temp,1,0,0,0,0,0,0,0,0,1,50C7000M0000WG,,PUTBACK
H00000390,1,100,GW0000M0004D01,1.1E+015,0,HRTB_F,1,0,0,0,0,0,0,0,0,1,10D4000M0000WG,,PUTBACK
H00000391,1,100,GW0000M0004D01,1.1E+015,0,HRTB_S,1,0,0,0,0,0,0,0,0,1,10D4000M0000WG,,PUTBACK
H00000392,1,100,GW0000M0004D01,1.1E+015,0,here,1,0,0,0,0,0,0,0,0,1,10D4000M0000WG,,PUTBACK
H00000393,1,100,GW0000M0004D01,1.1E+015,0,gone,1,0,0,0,0,0,0,0,0,1,10D4000M0000WG,,PUTBACK
H00000394,1,100,GW0000M0004D01,1.1E+015,0,away,1,0,0,0,0,0,0,0,0,1,10D4000M0000WG,,PUTBACK
H00000395,1,100,GW0000M0004D01,1.1E+015,0,temp,1,0,0,0,0,0,0,0,0,1,10D4000M0000WG,,PUTBACK
H00000396,1,100,GW0000M0005D02,1.1E+015,0,HRTB_F,1,0,0,0,0,0,0,0,0,1,20D5000M0000WG,,PUTBACK
H00000397,1,100,GW0000M0005D02,1.1E+015,0,HRTB_S,1,0,0,0,0,0,0,0,0,1,20D5000M0000WG,,PUTBACK
H00000398,1,100,GW0000M0005D02,1.1E+015,0,here,1,0,0,0,0,0,0,0,0,1,20D5000M0000WG,,PUTBACK
H00000399,1,100,GW0000M0005D02,1.1E+015,0,gone,1,0,0,0,0,0,0,0,0,1,20D5000M0000WG,,PUTBACK
H00000400,1,100,GW0000M0005D02,1.1E+015,0,away,1,0,0,0,0,0,0,0,0,1,20D5000M0000WG,,PUTBACK
H00000401,1,100,GW0000M0005D02,1.1E+015,0,temp,1,0,0,0,0,0,0,0,0,1,20D5000M0000WG,,PUTBACK
H00000402,1,100,GW0000M0006D03,1.1E+015,0,HRTB_F,1,0,0,0,0,0,0,0,0,1,30D6000M0000WG,,PUTBACK
H00000403,1,100,GW0000M0006D03,1.1E+015,0,HRTB_S,1,0,0,0,0,0,0,0,0,1,30D6000M0000WG,,PUTBACK
H00000404,1,100,GW0000M0006D03,1.1E+015,0,here,1,0,0,0,0,0,0,0,0,1,30D6000M0000WG,,PUTBACK
H00000405,1,100,GW0000M0006D03,1.1E+015,0,gone,1,0,0,0,0,0,0,0,0,1,30D6000M0000WG,,PUTBACK
H00000406,1,100,GW0000M0006D03,1.1E+015,0,away,1,0,0,0,0,0,0,0,0,1,30D6000M0000WG,,PUTBACK
H00000407,1,100,GW0000M0006D03,1.1E+015,0,temp,1,0,0,0,0,0,0,0,0,1,30D6000M0000WG,,PUTBACK
H00000408,1,100,GW0000M0007D04,1.1E+015,0,HRTB_F,1,0,0,0,0,0,0,0,0,1,40D7000M0000WG,,PUTBACK
H00000409,1,100,GW0000M0007D04,1.1E+015,0,HRTB_S,1,0,0,0,0,0,0,0,0,1,40D7000M0000WG,,PUTBACK
H00000410,1,100,GW0000M0007D04,1.1E+015,0,here,1,0,0,0,0,0,0,0,0,1,40D7000M0000WG,,PUTBACK
H00000411,1,100,GW0000M0007D04,1.1E+015,0,gone,1,0,0,0,0,0,0,0,0,1,40D7000M0000WG,,PUTBACK
H00000412,1,100,GW0000M0007D04,1.1E+015,0,away,1,0,0,0,0,0,0,0,0,1,40D7000M0000WG,,PUTBACK
H00000413,1,100,GW0000M0007D04,1.1E+015,0,temp,1,0,0,0,0,0,0,0,0,1,40D7000M0000WG,,PUTBACK
H00000414,1,100,GW0000M0008D05,1.1E+015,0,HRTB_F,1,0,0,0,0,0,0,0,0,1,50D8000M0000WG,,PUTBACK
H00000415,1,100,GW0000M0008D05,1.1E+015,0,HRTB_S,1,0,0,0,0,0,0,0,0,1,50D8000M0000WG,,PUTBACK
H00000416,1,100,GW0000M0008D05,1.1E+015,0,here,1,0,0,0,0,0,0,0,0,1,50D8000M0000WG,,PUTBACK
H00000417,1,100,GW0000M0008D05,1.1E+015,0,gone,1,0,0,0,0,0,0,0,0,1,50D8000M0000WG,,PUTBACK
H00000418,1,100,GW0000M0008D05,1.1E+015,0,away,1,0,0,0,0,0,0,0,0,1,50D8000M0000WG,,PUTBACK
H00000419,1,100,GW0000M0008D05,1.1E+015,0,temp,1,0,0,0,0,0,0,0,0,1,50D8000M0000WG,,PUTBACK
H00000420,1,100,GW0000M0005E01,1.1E+015,0,HRTB_F,1,0,0,0,0,0,0,0,0,1,10E5000M0000WG,,PUTBACK
H00000421,1,100,GW0000M0005E01,1.1E+015,0,HRTB_S,1,0,0,0,0,0,0,0,0,1,10E5000M0000WG,,PUTBACK
H00000422,1,100,GW0000M0005E01,1.1E+015,0,here,1,0,0,0,0,0,0,0,0,1,10E5000M0000WG,,PUTBACK
H00000423,1,100,GW0000M0005E01,1.1E+015,0,gone,1,0,0,0,0,0,0,0,0,1,10E5000M0000WG,,PUTBACK
H00000424,1,100,GW0000M0005E01,1.1E+015,0,away,1,0,0,0,0,0,0,0,0,1,10E5000M0000WG,,PUTBACK
H00000425,1,100,GW0000M0005E01,1.1E+015,0,temp,1,0,0,0,0,0,0,0,0,1,10E5000M0000WG,,PUTBACK
H00000426,1,100,GW0000M0006E02,1.1E+015,0,HRTB_F,1,0,0,0,0,0,0,0,0,1,20E6000M0000WG,,PUTBACK
H00000427,1,100,GW0000M0006E02,1.1E+015,0,HRTB_S,1,0,0,0,0,0,0,0,0,1,20E6000M0000WG,,PUTBACK
H00000428,1,100,GW0000M0006E02,1.1E+015,0,here,1,0,0,0,0,0,0,0,0,1,20E6000M0000WG,,PUTBACK
H00000429,1,100,GW0000M0006E02,1.1E+015,0,gone,1,0,0,0,0,0,0,0,0,1,20E6000M0000WG,,PUTBACK
H00000430,1,100,GW0000M0006E02,1.1E+015,0,away,1,0,0,0,0,0,0,0,0,1,20E6000M0000WG,,PUTBACK
H00000431,1,100,GW0000M0006E02,1.1E+015,0,temp,1,0,0,0,0,0,0,0,0,1,20E6000M0000WG,,PUTBACK
H00000432,1,100,GW0000M0007E03,1.1E+015,0,HRTB_F,1,0,0,0,0,0,0,0,0,1,30E7000M0000WG,,PUTBACK
H00000433,1,100,GW0000M0007E03,1.1E+015,0,HRTB_S,1,0,0,0,0,0,0,0,0,1,30E7000M0000WG,,PUTBACK
H00000434,1,100,GW0000M0007E03,1.1E+015,0,here,1,0,0,0,0,0,0,0,0,1,30E7000M0000WG,,PUTBACK
H00000435,1,100,GW0000M0007E03,1.1E+015,0,gone,1,0,0,0,0,0,0,0,0,1,30E7000M0000WG,,PUTBACK
H00000436,1,100,GW0000M0007E03,1.1E+015,0,away,1,0,0,0,0,0,0,0,0,1,30E7000M0000WG,,PUTBACK
H00000437,1,100,GW0000M0007E03,1.1E+015,0,temp,1,0,0,0,0,0,0,0,0,1,30E7000M0000WG,,PUTBACK
H00000438,1,100,GW0000M0008E04,1.1E+015,0,HRTB_F,1,0,0,0,0,0,0,0,0,1,40E8000M0000WG,,PUTBACK
H00000439,1,100,GW0000M0008E04,1.1E+015,0,HRTB_S,1,0,0,0,0,0,0,0,0,1,40E8000M0000WG,,PUTBACK
H00000440,1,100,GW0000M0008E04,1.1E+015,0,here,1,0,0,0,0,0,0,0,0,1,40E8000M0000WG,,PUTBACK
H00000441,1,100,GW0000M0008E04,1.1E+015,0,gone,1,0,0,0,0,0,0,0,0,1,40E8000M0000WG,,PUTBACK
H00000442,1,100,GW0000M0008E04,1.1E+015,0,away,1,0,0,0,0,0,0,0,0,1,40E8000M0000WG,,PUTBACK
H00000443,1,100,GW0000M0008E04,1.1E+015,0,temp,1,0,0,0,0,0,0,0,0,1,40E8000M0000WG,,PUTBACK
H00000444,1,100,GW0000M0009E05,1.1E+015,0,HRTB_F,1,0,0,0,0,0,0,0,0,1,50E9000M0000WG,,PUTBACK
H00000445,1,100,GW0000M0009E05,1.1E+015,0,HRTB_S,1,0,0,0,0,0,0,0,0,1,50E9000M0000WG,,PUTBACK
H00000446,1,100,GW0000M0009E05,1.1E+015,0,here,1,0,0,0,0,0,0,0,0,1,50E9000M0000WG,,PUTBACK
H00000447,1,100,GW0000M0009E05,1.1E+015,0,gone,1,0,0,0,0,0,0,0,0,1,50E9000M0000WG,,PUTBACK
H00000448,1,100,GW0000M0009E05,1.1E+015,0,away,1,0,0,0,0,0,0,0,0,1,50E9000M0000WG,,PUTBACK
H00000449,1,100,GW0000M0009E05,1.1E+015,0,temp,1,0,0,0,0,0,0,0,0,1,50E9000M0000WG,,PUTBACK
H00000450,1,100,GW0000M0001A01,1.1E+015,0,HRTB_F,1,0,0,0,0,0,0,0,0,1,10A1000M0000WG,,PUTBACK
H00000451,1,100,GW0000M0001A01,1.1E+015,0,HRTB_S,1,0,0,0,0,0,0,0,0,1,10A1000M0000WG,,PUTBACK
H00000452,1,100,GW0000M0001A01,1.1E+015,0,here,1,0,0,0,0,0,0,0,0,1,10A1000M0000WG,,PUTBACK
H00000453,1,100,GW0000M0001A01,1.1E+015,0,gone,1,0,0,0,0,0,0,0,0,1,10A1000M0000WG,,PUTBACK
H00000454,1,100,GW0000M0001A01,1.1E+015,0,away,1,0,0,0,0,0,0,0,0,1,10A1000M0000WG,,PUTBACK
H00000455,1,100,GW0000M0001A01,1.1E+015,0,temp,1,0,0,0,0,0,0,0,0,1,10A1000M0000WG,,PUTBACK
H00000456,1,100,GW0000M0002A02,1.1E+015,0,HRTB_F,1,0,0,0,0,0,0,0,0,1,20A2000M0000WG,,PUTBACK
H00000457,1,100,GW0000M0002A02,1.1E+015,0,HRTB_S,1,0,0,0,0,0,0,0,0,1,20A2000M0000WG,,PUTBACK
H00000458,1,100,GW0000M0002A02,1.1E+015,0,here,1,0,0,0,0,0,0,0,0,1,20A2000M0000WG,,PUTBACK
H00000459,1,100,GW0000M0002A02,1.1E+015,0,gone,1,0,0,0,0,0,0,0,0,1,20A2000M0000WG,,PUTBACK
H00000460,1,100,GW0000M0002A02,1.1E+015,0,away,1,0,0,0,0,0,0,0,0,1,20A2000M0000WG,,PUTBACK
H00000461,1,100,GW0000M0002A02,1.1E+015,0,temp,1,0,0,0,0,0,0,0,0,1,20A2000M0000WG,,PUTBACK
H00000462,1,100,GW0000M0003A03,1.1E+015,0,HRTB_F,1,0,0,0,0,0,0,0,0,1,30A3000M0000WG,,PUTBACK
H00000463,1,100,GW0000M0003A03,1.1E+015,0,HRTB_S,1,0,0,0,0,0,0,0,0,1,30A3000M0000WG,,PUTBACK
H00000464,1,100,GW0000M0003A03,1.1E+015,0,here,1,0,0,0,0,0,0,0,0,1,30A3000M0000WG,,PUTBACK
H00000465,1,100,GW0000M0003A03,1.1E+015,0,gone,1,0,0,0,0,0,0,0,0,1,30A3000M0000WG,,PUTBACK
H00000466,1,100,GW0000M0003A03,1.1E+015,0,away,1,0,0,0,0,0,0,0,0,1,30A3000M0000WG,,PUTBACK
H00000467,1,100,GW0000M0003A03,1.1E+015,0,temp,1,0,0,0,0,0,0,0,0,1,30A3000M0000WG,,PUTBACK
H00000468,1,100,GW0000M0004A04,1.1E+015,0,HRTB_F,1,0,0,0,0,0,0,0,0,1,40A4000M0000WG,,PUTBACK
H00000469,1,100,GW0000M0004A04,1.1E+015,0,HRTB_S,1,0,0,0,0,0,0,0,0,1,40A4000M0000WG,,PUTBACK
H00000470,1,100,GW0000M0004A04,1.1E+015,0,here,1,0,0,0,0,0,0,0,0,1,40A4000M0000WG,,PUTBACK
H00000471,1,100,GW0000M0004A04,1.1E+015,0,gone,1,0,0,0,0,0,0,0,0,1,40A4000M0000WG,,PUTBACK
H00000472,1,100,GW0000M0004A04,1.1E+015,0,away,1,0,0,0,0,0,0,0,0,1,40A4000M0000WG,,PUTBACK
H00000473,1,100,GW0000M0004A04,1.1E+015,0,temp,1,0,0,0,0,0,0,0,0,1,40A4000M0000WG,,PUTBACK
H00000474,1,100,GW0000M0005A05,1.1E+015,0,HRTB_F,1,0,0,0,0,0,0,0,0,1,50A5000M0000WG,,PUTBACK
H00000475,1,100,GW0000M0005A05,1.1E+015,0,HRTB_S,1,0,0,0,0,0,0,0,0,1,50A5000M0000WG,,PUTBACK
H00000476,1,100,GW0000M0005A05,1.1E+015,0,here,1,0,0,0,0,0,0,0,0,1,50A5000M0000WG,,PUTBACK
H00000477,1,100,GW0000M0005A05,1.1E+015,0,gone,1,0,0,0,0,0,0,0,0,1,50A5000M0000WG,,PUTBACK
H00000478,1,100,GW0000M0005A05,1.1E+015,0,away,1,0,0,0,0,0,0,0,0,1,50A5000M0000WG,,PUTBACK
H00000479,1,100,GW0000M0005A05,1.1E+015,0,temp,1,0,0,0,0,0,0,0,0,1,50A5000M0000WG,,PUTBACK
H00000480,1,100,GW0000M0002B01,1.1E+015,0,HRTB_F,1,0,0,0,0,0,0,0,0,1,10B2000M0000WG,,PUTBACK
H00000481,1,100,GW0000M0002B01,1.1E+015,0,HRTB_S,1,0,0,0,0,0,0,0,0,1,10B2000M0000WG,,PUTBACK
H00000482,1,100,GW0000M0002B01,1.1E+015,0,here,1,0,0,0,0,0,0,0,0,1,10B2000M0000WG,,PUTBACK
H00000483,1,100,GW0000M0002B01,1.1E+015,0,gone,1,0,0,0,0,0,0,0,0,1,10B2000M0000WG,,PUTBACK
H00000484,1,100,GW0000M0002B01,1.1E+015,0,away,1,0,0,0,0,0,0,0,0,1,10B2000M0000WG,,PUTBACK
H00000485,1,100,GW0000M0002B01,1.1E+015,0,temp,1,0,0,0,0,0,0,0,0,1,10B2000M0000WG,,PUTBACK
H00000486,1,100,GW0000M0003B02,1.1E+015,0,HRTB_F,1,0,0,0,0,0,0,0,0,1,20B3000M0000WG,,PUTBACK
H00000487,1,100,GW0000M0003B02,1.1E+015,0,HRTB_S,1,0,0,0,0,0,0,0,0,1,20B3000M0000WG,,PUTBACK
H00000488,1,100,GW0000M0003B02,1.1E+015,0,here,1,0,0,0,0,0,0,0,0,1,20B3000M0000WG,,PUTBACK
H00000489,1,100,GW0000M0003B02,1.1E+015,0,gone,1,0,0,0,0,0,0,0,0,1,20B3000M0000WG,,PUTBACK
H00000490,1,100,GW0000M0003B02,1.1E+015,0,away,1,0,0,0,0,0,0,0,0,1,20B3000M0000WG,,PUTBACK
H00000491,1,100,GW0000M0003B02,1.1E+015,0,temp,1,0,0,0,0,0,0,0,0,1,20B3000M0000WG,,PUTBACK
H00000492,1,100,GW0000M0004B03,1.1E+015,0,HRTB_F,1,0,0,0,0,0,0,0,0,1,30B4000M0000WG,,PUTBACK
H00000493,1,100,GW0000M0004B03,1.1E+015,0,HRTB_S,1,0,0,0,0,0,0,0,0,1,30B4000M0000WG,,PUTBACK
H00000494,1,100,GW0000M0004B03,1.1E+015,0,here,1,0,0,0,0,0,0,0,0,1,30B4000M0000WG,,PUTBACK
H00000495,1,100,GW0000M0004B03,1.1E+015,0,gone,1,0,0,0,0,0,0,0,0,1,30B4000M0000WG,,PUTBACK
H00000496,1,100,GW0000M0004B03,1.1E+015,0,away,1,0,0,0,0,0,0,0,0,1,30B4000M0000WG,,PUTBACK
H00000497,1,100,GW0000M0004B03,1.1E+015,0,temp,1,0,0,0,0,0,0,0,0,1,30B4000M0000WG,,PUTBACK
H00000498,1,100,GW0000M0005B04,1.1E+015,0,HRTB_F,1,0,0,0,0,0,0,0,0,1,40B5000M0000WG,,PUTBACK
H00000499,1,100,GW0000M0005B04,1.1E+015,0,HRTB_S,1,0,0,0,0,0,0,0,0,1,40B5000M0000WG,,PUTBACK
H00000500,1,100,GW0000M0005B04,1.1E+015,0,here,1,0,0,0,0,0,0,0,0,1,40B5000M0000WG,,PUTBACK
H00000501,1,100,GW0000M0005B04,1.1E+015,0,gone,1,0,0,0,0,0,0,0,0,1,40B5000M0000WG,,PUTBACK
H00000502,1,100,GW0000M0005B04,1.1E+015,0,away,1,0,0,0,0,0,0,0,0,1,40B5000M0000WG,,PUTBACK
H00000503,1,100,GW0000M0005B04,1.1E+015,0,temp,1,0,0,0,0,0,0,0,0,1,40B5000M0000WG,,PUTBACK
H00000504,1,100,GW0000M0006B05,1.1E+015,0,HRTB_F,1,0,0,0,0,0,0,0,0,1,50B6000M0000WG,,PUTBACK
H00000505,1,100,GW0000M0006B05,1.1E+015,0,HRTB_S,1,0,0,0,0,0,0,0,0,1,50B6000M0000WG,,PUTBACK
H00000506,1,100,GW0000M0006B05,1.1E+015,0,here,1,0,0,0,0,0,0,0,0,1,50B6000M0000WG,,PUTBACK
H00000507,1,100,GW0000M0006B05,1.1E+015,0,gone,1,0,0,0,0,0,0,0,0,1,50B6000M0000WG,,PUTBACK
H00000508,1,100,GW0000M0006B05,1.1E+015,0,away,1,0,0,0,0,0,0,0,0,1,50B6000M0000WG,,PUTBACK
H00000509,1,100,GW0000M0006B05,1.1E+015,0,temp,1,0,0,0,0,0,0,0,0,1,50B6000M0000WG,,PUTBACK
H00000510,1,100,GW0000M0003C01,1.1E+015,0,HRTB_F,1,0,0,0,0,0,0,0,0,1,10C3000M0000WG,,PUTBACK
H00000511,1,100,GW0000M0003C01,1.1E+015,0,HRTB_S,1,0,0,0,0,0,0,0,0,1,10C3000M0000WG,,PUTBACK
H00000512,1,100,GW0000M0003C01,1.1E+015,0,here,1,0,0,0,0,0,0,0,0,1,10C3000M0000WG,,PUTBACK
H00000513,1,100,GW0000M0003C01,1.1E+015,0,gone,1,0,0,0,0,0,0,0,0,1,10C3000M0000WG,,PUTBACK
H00000514,1,100,GW0000M0003C01,1.1E+015,0,away,1,0,0,0,0,0,0,0,0,1,10C3000M0000WG,,PUTBACK
H00000515,1,100,GW0000M0003C01,1.1E+015,0,temp,1,0,0,0,0,0,0,0,0,1,10C3000M0000WG,,PUTBACK
H00000516,1,100,GW0000M0004C02,1.1E+015,0,HRTB_F,1,0,0,0,0,0,0,0,0,1,20C4000M0000WG,,PUTBACK
H00000517,1,100,GW0000M0004C02,1.1E+015,0,HRTB_S,1,0,0,0,0,0,0,0,0,1,20C4000M0000WG,,PUTBACK
H00000518,1,100,GW0000M0004C02,1.1E+015,0,here,1,0,0,0,0,0,0,0,0,1,20C4000M0000WG,,PUTBACK
H00000519,1,100,GW0000M0004C02,1.1E+015,0,gone,1,0,0,0,0,0,0,0,0,1,20C4000M0000WG,,PUTBACK
H00000520,1,100,GW0000M0004C02,1.1E+015,0,away,1,0,0,0,0,0,0,0,0,1,20C4000M0000WG,,PUTBACK
H00000521,1,100,GW0000M0004C02,1.1E+015,0,temp,1,0,0,0,0,0,0,0,0,1,20C4000M0000WG,,PUTBACK
H00000522,1,100,GW0000M0005C03,1.1E+015,0,HRTB_F,1,0,0,0,0,0,0,0,0,1,30C5000M0000WG,,PUTBACK
H00000523,1,100,GW0000M0005C03,1.1E+015,0,HRTB_S,1,0,0,0,0,0,0,0,0,1,30C5000M0000WG,,PUTBACK
H00000524,1,100,GW0000M0005C03,1.1E+015,0,here,1,0,0,0,0,0,0,0,0,1,30C5000M0000WG,,PUTBACK
H00000525,1,100,GW0000M0005C03,1.1E+015,0,gone,1,0,0,0,0,0,0,0,0,1,30C5000M0000WG,,PUTBACK
H00000526,1,100,GW0000M0005C03,1.1E+015,0,away,1,0,0,0,0,0,0,0,0,1,30C5000M0000WG,,PUTBACK
H00000527,1,100,GW0000M0005C03,1.1E+015,0,temp,1,0,0,0,0,0,0,0,0,1,30C5000M0000WG,,PUTBACK
H00000528,1,100,GW0000M0006C04,1.1E+015,0,HRTB_F,1,0,0,0,0,0,0,0,0,1,40C6000M0000WG,,PUTBACK
H00000529,1,100,GW0000M0006C04,1.1E+015,0,HRTB_S,1,0,0,0,0,0,0,0,0,1,40C6000M0000WG,,PUTBACK
H00000530,1,100,GW0000M0006C04,1.1E+015,0,here,1,0,0,0,0,0,0,0,0,1,40C6000M0000WG,,PUTBACK
H00000531,1,100,GW0000M0006C04,1.1E+015,0,gone,1,0,0,0,0,0,0,0,0,1,40C6000M0000WG,,PUTBACK
H00000532,1,100,GW0000M0006C04,1.1E+015,0,away,1,0,0,0,0,0,0,0,0,1,40C6000M0000WG,,PUTBACK
H00000533,1,100,GW0000M0006C04,1.1E+015,0,temp,1,0,0,0,0,0,0,0,0,1,40C6000M0000WG,,PUTBACK
H00000534,1,100,GW0000M0007C05,1.1E+015,0,HRTB_F,1,0,0,0,0,0,0,0,0,1,50C7000M0000WG,,PUTBACK
H00000535,1,100,GW0000M0007C05,1.1E+015,0,HRTB_S,1,0,0,0,0,0,0,0,0,1,50C7000M0000WG,,PUTBACK
H00000536,1,100,GW0000M0007C05,1.1E+015,0,here,1,0,0,0,0,0,0,0,0,1,50C7000M0000WG,,PUTBACK
H00000537,1,100,GW0000M0007C05,1.1E+015,0,gone,1,0,0,0,0,0,0,0,0,1,50C7000M0000WG,,PUTBACK
H00000538,1,100,GW0000M0007C05,1.1E+015,0,away,1,0,0,0,0,0,0,0,0,1,50C7000M0000WG,,PUTBACK
H00000539,1,100,GW0000M0007C05,1.1E+015,0,temp,1,0,0,0,0,0,0,0,0,1,50C7000M0000WG,,PUTBACK
H00000540,1,100,GW0000M0004D01,1.1E+015,0,HRTB_F,1,0,0,0,0,0,0,0,0,1,10D4000M0000WG,,PUTBACK
H00000541,1,100,GW0000M0004D01,1.1E+015,0,HRTB_S,1,0,0,0,0,0,0,0,0,1,10D4000M0000WG,,PUTBACK
H00000542,1,100,GW0000M0004D01,1.1E+015,0,here,1,0,0,0,0,0,0,0,0,1,10D4000M0000WG,,PUTBACK
H00000543,1,100,GW0000M0004D01,1.1E+015,0,gone,1,0,0,0,0,0,0,0,0,1,10D4000M0000WG,,PUTBACK
H00000544,1,100,GW0000M0004D01,1.1E+015,0,away,1,0,0,0,0,0,0,0,0,1,10D4000M0000WG,,PUTBACK
H00000545,1,100,GW0000M0004D01,1.1E+015,0,temp,1,0,0,0,0,0,0,0,0,1,10D4000M0000WG,,PUTBACK
H00000546,1,100,GW0000M0005D02,1.1E+015,0,HRTB_F,1,0,0,0,0,0,0,0,0,1,20D5000M0000WG,,PUTBACK
H00000547,1,100,GW0000M0005D02,1.1E+015,0,HRTB_S,1,0,0,0,0,0,0,0,0,1,20D5000M0000WG,,PUTBACK
H00000548,1,100,GW0000M0005D02,1.1E+015,0,here,1,0,0,0,0,0,0,0,0,1,20D5000M0000WG,,PUTBACK
H00000549,1,100,GW0000M0005D02,1.1E+015,0,gone,1,0,0,0,0,0,0,0,0,1,20D5000M0000WG,,PUTBACK
H00000550,1,100,GW0000M0005D02,1.1E+015,0,away,1,0,0,0,0,0,0,0,0,1,20D5000M0000WG,,PUTBACK
H00000551,1,100,GW0000M0005D02,1.1E+015,0,temp,1,0,0,0,0,0,0,0,0,1,20D5000M0000WG,,PUTBACK
H00000552,1,100,GW0000M0006D03,1.1E+015,0,HRTB_F,1,0,0,0,0,0,0,0,0,1,30D6000M0000WG,,PUTBACK
H00000553,1,100,GW0000M0006D03,1.1E+015,0,HRTB_S,1,0,0,0,0,0,0,0,0,1,30D6000M0000WG,,PUTBACK
H00000554,1,100,GW0000M0006D03,1.1E+015,0,here,1,0,0,0,0,0,0,0,0,1,30D6000M0000WG,,PUTBACK
H00000555,1,100,GW0000M0006D03,1.1E+015,0,gone,1,0,0,0,0,0,0,0,0,1,30D6000M0000WG,,PUTBACK
H00000556,1,100,GW0000M0006D03,1.1E+015,0,away,1,0,0,0,0,0,0,0,0,1,30D6000M0000WG,,PUTBACK
H00000557,1,100,GW0000M0006D03,1.1E+015,0,temp,1,0,0,0,0,0,0,0,0,1,30D6000M0000WG,,PUTBACK
H00000558,1,100,GW0000M0007D04,1.1E+015,0,HRTB_F,1,0,0,0,0,0,0,0,0,1,40D7000M0000WG,,PUTBACK
H00000559,1,100,GW0000M0007D04,1.1E+015,0,HRTB_S,1,0,0,0,0,0,0,0,0,1,40D7000M0000WG,,PUTBACK
H00000560,1,100,GW0000M0007D04,1.1E+015,0,here,1,0,0,0,0,0,0,0,0,1,40D7000M0000WG,,PUTBACK
H00000561,1,100,GW0000M0007D04,1.1E+015,0,gone,1,0,0,0,0,0,0,0,0,1,40D7000M0000WG,,PUTBACK
H00000562,1,100,GW0000M0007D04,1.1E+015,0,away,1,0,0,0,0,0,0,0,0,1,40D7000M0000WG,,PUTBACK
H00000563,1,100,GW0000M0007D04,1.1E+015,0,temp,1,0,0,0,0,0,0,0,0,1,40D7000M0000WG,,PUTBACK
H00000564,1,100,GW0000M0008D05,1.1E+015,0,HRTB_F,1,0,0,0,0,0,0,0,0,1,50D8000M0000WG,,PUTBACK
H00000565,1,100,GW0000M0008D05,1.1E+015,0,HRTB_S,1,0,0,0,0,0,0,0,0,1,50D8000M0000WG,,PUTBACK
H00000566,1,100,GW0000M0008D05,1.1E+015,0,here,1,0,0,0,0,0,0,0,0,1,50D8000M0000WG,,PUTBACK
H00000567,1,100,GW0000M0008D05,1.1E+015,0,gone,1,0,0,0,0,0,0,0,0,1,50D8000M0000WG,,PUTBACK
H00000568,1,100,GW0000M0008D05,1.1E+015,0,away,1,0,0,0,0,0,0,0,0,1,50D8000M0000WG,,PUTBACK
H00000569,1,100,GW0000M0008D05,1.1E+015,0,temp,1,0,0,0,0,0,0,0,0,1,50D8000M0000WG,,PUTBACK
H00000570,1,100,GW0000M0005E01,1.1E+015,0,HRTB_F,1,0,0,0,0,0,0,0,0,1,10E5000M0000WG,,PUTBACK
H00000571,1,100,GW0000M0005E01,1.1E+015,0,HRTB_S,1,0,0,0,0,0,0,0,0,1,10E5000M0000WG,,PUTBACK
H00000572,1,100,GW0000M0005E01,1.1E+015,0,here,1,0,0,0,0,0,0,0,0,1,10E5000M0000WG,,PUTBACK
H00000573,1,100,GW0000M0005E01,1.1E+015,0,gone,1,0,0,0,0,0,0,0,0,1,10E5000M0000WG,,PUTBACK
H00000574,1,100,GW0000M0005E01,1.1E+015,0,away,1,0,0,0,0,0,0,0,0,1,10E5000M0000WG,,PUTBACK
H00000575,1,100,GW0000M0005E01,1.1E+015,0,temp,1,0,0,0,0,0,0,0,0,1,10E5000M0000WG,,PUTBACK
H00000576,1,100,GW0000M0006E02,1.1E+015,0,HRTB_F,1,0,0,0,0,0,0,0,0,1,20E6000M0000WG,,PUTBACK
H00000577,1,100,GW0000M0006E02,1.1E+015,0,HRTB_S,1,0,0,0,0,0,0,0,0,1,20E6000M0000WG,,PUTBACK
H00000578,1,100,GW0000M0006E02,1.1E+015,0,here,1,0,0,0,0,0,0,0,0,1,20E6000M0000WG,,PUTBACK
H00000579,1,100,GW0000M0006E02,1.1E+015,0,gone,1,0,0,0,0,0,0,0,0,1,20E6000M0000WG,,PUTBACK
H00000580,1,100,GW0000M0006E02,1.1E+015,0,away,1,0,0,0,0,0,0,0,0,1,20E6000M0000WG,,PUTBACK
H00000581,1,100,GW0000M0006E02,1.1E+015,0,temp,1,0,0,0,0,0,0,0,0,1,20E6000M0000WG,,PUTBACK
H00000582,1,100,GW0000M0007E03,1.1E+015,0,HRTB_F,1,0,0,0,0,0,0,0,0,1,30E7000M0000WG,,PUTBACK
H00000583,1,100,GW0000M0007E03,1.1E+015,0,HRTB_S,1,0,0,0,0,0,0,0,0,1,30E7000M0000WG,,PUTBACK
H00000584,1,100,GW0000M0007E03,1.1E+015,0,here,1,0,0,0,0,0,0,0,0,1,30E7000M0000WG,,PUTBACK
H00000585,1,100,GW0000M0007E03,1.1E+015,0,gone,1,0,0,0,0,0,0,0,0,1,30E7000M0000WG,,PUTBACK
H00000586,1,100,GW0000M0007E03,1.1E+015,0,away,1,0,0,0,0,0,0,0,0,1,30E7000M0000WG,,PUTBACK
H00000587,1,100,GW0000M0007E03,1.1E+015,0,temp,1,0,0,0,0,0,0,0,0,1,30E7000M0000WG,,PUTBACK
H00000588,1,100,GW0000M0008E04,1.1E+015,0,HRTB_F,1,0,0,0,0,0,0,0,0,1,40E8000M0000WG,,PUTBACK
H00000589,1,100,GW0000M0008E04,1.1E+015,0,HRTB_S,1,0,0,0,0,0,0,0,0,1,40E8000M0000WG,,PUTBACK
H00000590,1,100,GW0000M0008E04,1.1E+015,0,here,1,0,0,0,0,0,0,0,0,1,40E8000M0000WG,,PUTBACK
H00000591,1,100,GW0000M0008E04,1.1E+015,0,gone,1,0,0,0,0,0,0,0,0,1,40E8000M0000WG,,PUTBACK
H00000592,1,100,GW0000M0008E04,1.1E+015,0,away,1,0,0,0,0,0,0,0,0,1,40E8000M0000WG,,PUTBACK
H00000593,1,100,GW0000M0008E04,1.1E+015,0,temp,1,0,0,0,0,0,0,0,0,1,40E8000M0000WG,,PUTBACK
H00000594,1,100,GW0000M0009E05,1.1E+015,0,HRTB_F,1,0,0,0,0,0,0,0,0,1,50E9000M0000WG,,PUTBACK
H00000595,1,100,GW0000M0009E05,1.1E+015,0,HRTB_S,1,0,0,0,0,0,0,0,0,1,50E9000M0000WG,,PUTBACK
H00000596,1,100,GW0000M0009E05,1.1E+015,0,here,1,0,0,0,0,0,0,0,0,1,50E9000M0000WG,,PUTBACK
H00000597,1,100,GW0000M0009E05,1.1E+015,0,gone,1,0,0,0,0,0,0,0,0,1,50E9000M0000WG,,PUTBACK
H00000598,1,100,GW0000M0009E05,1.1E+015,0,away,1,0,0,0,0,0,0,0,0,1,50E9000M0000WG,,PUTBACK
H00000599,1,100,GW0000M0009E05,1.1E+015,0,temp,1,0,0,0,0,0,0,0,0,1,50E9000M0000WG,,PUTBACK
H00000600,1,100,GW0000M0001A01,1.1E+015,0,HRTB_F,1,0,0,0,0,0,0,0,0,1,10A1000M0000WG,,PUTBACK
H00000601,1,100,GW0000M0001A01,1.1E+015,0,HRTB_S,1,0,0,0,0,0,0,0,0,1,10A1000M0000WG,,PUTBACK
H00000602,1,100,GW0000M0001A01,1.1E+015,0,here,1,0,0,0,0,0,0,0,0,1,10A1000M0000WG,,PUTBACK
H00000603,1,100,GW0000M0001A01,1.1E+015,0,gone,1,0,0,0,0,0,0,0,0,1,10A1000M0000WG,,PUTBACK
H00000604,1,100,GW0000M0001A01,1.1E+015,0,away,1,0,0,0,0,0,0,0,0,1,10A1000M0000WG,,PUTBACK
H00000605,1,100,GW0000M0001A01,1.1E+015,0,temp,1,0,0,0,0,0,0,0,0,1,10A1000M0000WG,,PUTBACK
H00000606,1,100,GW0000M0002A02,1.1E+015,0,HRTB_F,1,0,0,0,0,0,0,0,0,1,20A2000M0000WG,,PUTBACK
H00000607,1,100,GW0000M0002A02,1.1E+015,0,HRTB_S,1,0,0,0,0,0,0,0,0,1,20A2000M0000WG,,PUTBACK
H00000608,1,100,GW0000M0002A02,1.1E+015,0,here,1,0,0,0,0,0,0,0,0,1,20A2000M0000WG,,PUTBACK
H00000609,1,100,GW0000M0002A02,1.1E+015,0,gone,1,0,0,0,0,0,0,0,0,1,20A2000M0000WG,,PUTBACK
H00000610,1,100,GW0000M0002A02,1.1E+015,0,away,1,0,0,0,0,0,0,0,0,1,20A2000M0000WG,,PUTBACK
H00000611,1,100,GW0000M0002A02,1.1E+015,0,temp,1,0,0,0,0,0,0,0,0,1,20A2000M0000WG,,PUTBACK
H00000612,1,100,GW0000M0003A03,1.1E+015,0,HRTB_F,1,0,0,0,0,0,0,0,0,1,30A3000M0000WG,,PUTBACK
H00000613,1,100,GW0000M0003A03,1.1E+015,0,HRTB_S,1,0,0,0,0,0,0,0,0,1,30A3000M0000WG,,PUTBACK
H00000614,1,100,GW0000M0003A03,1.1E+015,0,here,1,0,0,0,0,0,0,0,0,1,30A3000M0000WG,,PUTBACK
H00000615,1,100,GW0000M0003A03,1.1E+015,0,gone,1,0,0,0,0,0,0,0,0,1,30A3000M0000WG,,PUTBACK
H00000616,1,100,GW0000M0003A03,1.1E+015,0,away,1,0,0,0,0,0,0,0,0,1,30A3000M0000WG,,PUTBACK
H00000617,1,100,GW0000M0003A03,1.1E+015,0,temp,1,0,0,0,0,0,0,0,0,1,30A3000M0000WG,,PUTBACK
H00000618,1,100,GW0000M0004A04,1.1E+015,0,HRTB_F,1,0,0,0,0,0,0,0,0,1,40A4000M0000WG,,PUTBACK
H00000619,1,100,GW0000M0004A04,1.1E+015,0,HRTB_S,1,0,0,0,0,0,0,0,0,1,40A4000M0000WG,,PUTBACK
H00000620,1,100,GW0000M0004A04,1.1E+015,0,here,1,0,0,0,0,0,0,0,0,1,40A4000M0000WG,,PUTBACK
H00000621,1,100,GW0000M0004A04,1.1E+015,0,gone,1,0,0,0,0,0,0,0,0,1,40A4000M0000WG,,PUTBACK
H00000622,1,100,GW0000M0004A04,1.1E+015,0,away,1,0,0,0,0,0,0,0,0,1,40A4000M0000WG,,PUTBACK
H00000623,1,100,GW0000M0004A04,1.1E+015,0,temp,1,0,0,0,0,0,0,0,0,1,40A4000M0000WG,,PUTBACK
H00000624,1,100,GW0000M0005A05,1.1E+015,0,HRTB_F,1,0,0,0,0,0,0,0,0,1,50A5000M0000WG,,PUTBACK
H00000625,1,100,GW0000M0005A05,1.1E+015,0,HRTB_S,1,0,0,0,0,0,0,0,0,1,50A5000M0000WG,,PUTBACK
H00000626,1,100,GW0000M0005A05,1.1E+015,0,here,1,0,0,0,0,0,0,0,0,1,50A5000M0000WG,,PUTBACK
H00000627,1,100,GW0000M0005A05,1.1E+015,0,gone,1,0,0,0,0,0,0,0,0,1,50A5000M0000WG,,PUTBACK
H00000628,1,100,GW0000M0005A05,1.1E+015,0,away,1,0,0,0,0,0,0,0,0,1,50A5000M0000WG,,PUTBACK
H00000629,1,100,GW0000M0005A05,1.1E+015,0,temp,1,0,0,0,0,0,0,0,0,1,50A5000M0000WG,,PUTBACK
H00000630,1,100,GW0000M0002B01,1.1E+015,0,HRTB_F,1,0,0,0,0,0,0,0,0,1,10B2000M0000WG,,PUTBACK
H00000631,1,100,GW0000M0002B01,1.1E+015,0,HRTB_S,1,0,0,0,0,0,0,0,0,1,10B2000M0000WG,,PUTBACK
H00000632,1,100,GW0000M0002B01,1.1E+015,0,here,1,0,0,0,0,0,0,0,0,1,10B2000M0000WG,,PUTBACK
H00000633,1,100,GW0000M0002B01,1.1E+015,0,gone,1,0,0,0,0,0,0,0,0,1,10B2000M0000WG,,PUTBACK
H00000634,1,100,GW0000M0002B01,1.1E+015,0,away,1,0,0,0,0,0,0,0,0,1,10B2000M0000WG,,PUTBACK
H00000635,1,100,GW0000M0002B01,1.1E+015,0,temp,1,0,0,0,0,0,0,0,0,1,10B2000M0000WG,,PUTBACK
H00000636,1,100,GW0000M0003B02,1.1E+015,0,HRTB_F,1,0,0,0,0,0,0,0,0,1,20B3000M0000WG,,PUTBACK
H00000637,1,100,GW0000M0003B02,1.1E+015,0,HRTB_S,1,0,0,0,0,0,0,0,0,1,20B3000M0000WG,,PUTBACK
H00000638,1,100,GW0000M0003B02,1.1E+015,0,here,1,0,0,0,0,0,0,0,0,1,20B3000M0000WG,,PUTBACK
H00000639,1,100,GW0000M0003B02,1.1E+015,0,gone,1,0,0,0,0,0,0,0,0,1,20B3000M0000WG,,PUTBACK
H00000640,1,100,GW0000M0003B02,1.1E+015,0,away,1,0,0,0,0,0,0,0,0,1,20B3000M0000WG,,PUTBACK
H00000641,1,100,GW0000M0003B02,1.1E+015,0,temp,1,0,0,0,0,0,0,0,0,1,20B3000M0000WG,,PUTBACK
H00000642,1,100,GW0000M0004B03,1.1E+015,0,HRTB_F,1,0,0,0,0,0,0,0,0,1,30B4000M0000WG,,PUTBACK
H00000643,1,100,GW0000M0004B03,1.1E+015,0,HRTB_S,1,0,0,0,0,0,0,0,0,1,30B4000M0000WG,,PUTBACK
H00000644,1,100,GW0000M0004B03,1.1E+015,0,here,1,0,0,0,0,0,0,0,0,1,30B4000M0000WG,,PUTBACK
H00000645,1,100,GW0000M0004B03,1.1E+015,0,gone,1,0,0,0,0,0,0,0,0,1,30B4000M0000WG,,PUTBACK
H00000646,1,100,GW0000M0004B03,1.1E+015,0,away,1,0,0,0,0,0,0,0,0,1,30B4000M0000WG,,PUTBACK
H00000647,1,100,GW0000M0004B03,1.1E+015,0,temp,1,0,0,0,0,0,0,0,0,1,30B4000M0000WG,,PUTBACK
H00000648,1,100,GW0000M0005B04,1.1E+015,0,HRTB_F,1,0,0,0,0,0,0,0,0,1,40B5000M0000WG,,PUTBACK
H00000649,1,100,GW0000M0005B04,1.1E+015,0,HRTB_S,1,0,0,0,0,0,0,0,0,1,40B5000M0000WG,,PUTBACK
H00000650,1,100,GW0000M0005B04,1.1E+015,0,here,1,0,0,0,0,0,0,0,0,1,40B5000M0000WG,,PUTBACK
H00000651,1,100,GW0000M0005B04,1.1E+015,0,gone,1,0,0,0,0,0,0,0,0,1,40B5000M0000WG,,PUTBACK
H00000652,1,100,GW0000M0005B04,1.1E+015,0,away,1,0,0,0,0,0,0,0,0,1,40B5000M0000WG,,PUTBACK
H00000653,1,100,GW0000M0005B04,1.1E+015,0,temp,1,0,0,0,0,0,0,0,0,1,40B5000M0000WG,,PUTBACK
H00000654,1,100,GW0000M0006B05,1.1E+015,0,HRTB_F,1,0,0,0,0,0,0,0,0,1,50B6000M0000WG,,PUTBACK
H00000655,1,100,GW0000M0006B05,1.1E+015,0,HRTB_S,1,0,0,0,0,0,0,0,0,1,50B6000M0000WG,,PUTBACK
H00000656,1,100,GW0000M0006B05,1.1E+015,0,here,1,0,0,0,0,0,0,0,0,1,50B6000M0000WG,,PUTBACK
H00000657,1,100,GW0000M0006B05,1.1E+015,0,gone,1,0,0,0,0,0,0,0,0,1,50B6000M0000WG,,PUTBACK
H00000658,1,100,GW0000M0006B05,1.1E+015,0,away,1,0,0,0,0,0,0,0,0,1,50B6000M0000WG,,PUTBACK
H00000659,1,100,GW0000M0006B05,1.1E+015,0,temp,1,0,0,0,0,0,0,0,0,1,50B6000M0000WG,,PUTBACK
H00000660,1,100,GW0000M0003C01,1.1E+015,0,HRTB_F,1,0,0,0,0,0,0,0,0,1,10C3000M0000WG,,PUTBACK
H00000661,1,100,GW0000M0003C01,1.1E+015,0,HRTB_S,1,0,0,0,0,0,0,0,0,1,10C3000M0000WG,,PUTBACK
H00000662,1,100,GW0000M0003C01,1.1E+015,0,here,1,0,0,0,0,0,0,0,0,1,10C3000M0000WG,,PUTBACK
H00000663,1,100,GW0000M0003C01,1.1E+015,0,gone,1,0,0,0,0,0,0,0,0,1,10C3000M0000WG,,PUTBACK
H00000664,1,100,GW0000M0003C01,1.1E+015,0,away,1,0,0,0,0,0,0,0,0,1,10C3000M0000WG,,PUTBACK
H00000665,1,100,GW0000M0003C01,1.1E+015,0,temp,1,0,0,0,0,0,0,0,0,1,10C3000M0000WG,,PUTBACK
H00000666,1,100,GW0000M0004C02,1.1E+015,0,HRTB_F,1,0,0,0,0,0,0,0,0,1,20C4000M0000WG,,PUTBACK
H00000667,1,100,GW0000M0004C02,1.1E+015,0,HRTB_S,1,0,0,0,0,0,0,0,0,1,20C4000M0000WG,,PUTBACK
H00000668,1,100,GW0000M0004C02,1.1E+015,0,here,1,0,0,0,0,0,0,0,0,1,20C4000M0000WG,,PUTBACK
H00000669,1,100,GW0000M0004C02,1.1E+015,0,gone,1,0,0,0,0,0,0,0,0,1,20C4000M0000WG,,PUTBACK
H00000670,1,100,GW0000M0004C02,1.1E+015,0,away,1,0,0,0,0,0,0,0,0,1,20C4000M0000WG,,PUTBACK
H00000671,1,100,GW0000M0004C02,1.1E+015,0,temp,1,0,0,0,0,0,0,0,0,1,20C4000M0000WG,,PUTBACK
H00000672,1,100,GW0000M0005C03,1.1E+015,0,HRTB_F,1,0,0,0,0,0,0,0,0,1,30C5000M0000WG,,PUTBACK
H00000673,1,100,GW0000M0005C03,1.1E+015,0,HRTB_S,1,0,0,0,0,0,0,0,0,1,30C5000M0000WG,,PUTBACK
H00000674,1,100,GW0000M0005C03,1.1E+015,0,here,1,0,0,0,0,0,0,0,0,1,30C5000M0000WG,,PUTBACK
H00000675,1,100,GW0000M0005C03,1.1E+015,0,gone,1,0,0,0,0,0,0,0,0,1,30C5000M0000WG,,PUTBACK
H00000676,1,100,GW0000M0005C03,1.1E+015,0,away,1,0,0,0,0,0,0,0,0,1,30C5000M0000WG,,PUTBACK
H00000677,1,100,GW0000M0005C03,1.1E+015,0,temp,1,0,0,0,0,0,0,0,0,1,30C5000M0000WG,,PUTBACK
H00000678,1,100,GW0000M0006C04,1.1E+015,0,HRTB_F,1,0,0,0,0,0,0,0,0,1,40C6000M0000WG,,PUTBACK
H00000679,1,100,GW0000M0006C04,1.1E+015,0,HRTB_S,1,0,0,0,0,0,0,0,0,1,40C6000M0000WG,,PUTBACK
H00000680,1,100,GW0000M0006C04,1.1E+015,0,here,1,0,0,0,0,0,0,0,0,1,40C6000M0000WG,,PUTBACK
H00000681,1,100,GW0000M0006C04,1.1E+015,0,gone,1,0,0,0,0,0,0,0,0,1,40C6000M0000WG,,PUTBACK
H00000682,1,100,GW0000M0006C04,1.1E+015,0,away,1,0,0,0,0,0,0,0,0,1,40C6000M0000WG,,PUTBACK
H00000683,1,100,GW0000M0006C04,1.1E+015,0,temp,1,0,0,0,0,0,0,0,0,1,40C6000M0000WG,,PUTBACK
H00000684,1,100,GW0000M0007C05,1.1E+015,0,HRTB_F,1,0,0,0,0,0,0,0,0,1,50C7000M0000WG,,PUTBACK
H00000685,1,100,GW0000M0007C05,1.1E+015,0,HRTB_S,1,0,0,0,0,0,0,0,0,1,50C7000M0000WG,,PUTBACK
H00000686,1,100,GW0000M0007C05,1.1E+015,0,here,1,0,0,0,0,0,0,0,0,1,50C7000M0000WG,,PUTBACK
H00000687,1,100,GW0000M0007C05,1.1E+015,0,gone,1,0,0,0,0,0,0,0,0,1,50C7000M0000WG,,PUTBACK
H00000688,1,100,GW0000M0007C05,1.1E+015,0,away,1,0,0,0,0,0,0,0,0,1,50C7000M0000WG,,PUTBACK
H00000689,1,100,GW0000M0007C05,1.1E+015,0,temp,1,0,0,0,0,0,0,0,0,1,50C7000M0000WG,,PUTBACK
H00000690,1,100,GW0000M0004D01,1.1E+015,0,HRTB_F,1,0,0,0,0,0,0,0,0,1,10D4000M0000WG,,PUTBACK
H00000691,1,100,GW0000M0004D01,1.1E+015,0,HRTB_S,1,0,0,0,0,0,0,0,0,1,10D4000M0000WG,,PUTBACK
H00000692,1,100,GW0000M0004D01,1.1E+015,0,here,1,0,0,0,0,0,0,0,0,1,10D4000M0000WG,,PUTBACK
H00000693,1,100,GW0000M0004D01,1.1E+015,0,gone,1,0,0,0,0,0,0,0,0,1,10D4000M0000WG,,PUTBACK
H00000694,1,100,GW0000M0004D01,1.1E+015,0,away,1,0,0,0,0,0,0,0,0,1,10D4000M0000WG,,PUTBACK
H00000695,1,100,GW0000M0004D01,1.1E+015,0,temp,1,0,0,0,0,0,0,0,0,1,10D4000M0000WG,,PUTBACK
H00000696,1,100,GW0000M0005D02,1.1E+015,0,HRTB_F,1,0,0,0,0,0,0,0,0,1,20D5000M0000WG,,PUTBACK
H00000697,1,100,GW0000M0005D02,1.1E+015,0,HRTB_S,1,0,0,0,0,0,0,0,0,1,20D5000M0000WG,,PUTBACK
H00000698,1,100,GW0000M0005D02,1.1E+015,0,here,1,0,0,0,0,0,0,0,0,1,20D5000M0000WG,,PUTBACK
H00000699,1,100,GW0000M0005D02,1.1E+015,0,gone,1,0,0,0,0,0,0,0,0,1,20D5000M0000WG,,PUTBACK
H00000700,1,100,GW0000M0005D02,1.1E+015,0,away,1,0,0,0,0,0,0,0,0,1,20D5000M0000WG,,PUTBACK
H00000701,1,100,GW0000M0005D02,1.1E+015,0,temp,1,0,0,0,0,0,0,0,0,1,20D5000M0000WG,,PUTBACK
H00000702,1,100,GW0000M0006D03,1.1E+015,0,HRTB_F,1,0,0,0,0,0,0,0,0,1,30D6000M0000WG,,PUTBACK
H00000703,1,100,GW0000M0006D03,1.1E+015,0,HRTB_S,1,0,0,0,0,0,0,0,0,1,30D6000M0000WG,,PUTBACK
H00000704,1,100,GW0000M0006D03,1.1E+015,0,here,1,0,0,0,0,0,0,0,0,1,30D6000M0000WG,,PUTBACK
H00000705,1,100,GW0000M0006D03,1.1E+015,0,gone,1,0,0,0,0,0,0,0,0,1,30D6000M0000WG,,PUTBACK
H00000706,1,100,GW0000M0006D03,1.1E+015,0,away,1,0,0,0,0,0,0,0,0,1,30D6000M0000WG,,PUTBACK
H00000707,1,100,GW0000M0006D03,1.1E+015,0,temp,1,0,0,0,0,0,0,0,0,1,30D6000M0000WG,,PUTBACK
H00000708,1,100,GW0000M0007D04,1.1E+015,0,HRTB_F,1,0,0,0,0,0,0,0,0,1,40D7000M0000WG,,PUTBACK
H00000709,1,100,GW0000M0007D04,1.1E+015,0,HRTB_S,1,0,0,0,0,0,0,0,0,1,40D7000M0000WG,,PUTBACK
H00000710,1,100,GW0000M0007D04,1.1E+015,0,here,1,0,0,0,0,0,0,0,0,1,40D7000M0000WG,,PUTBACK
H00000711,1,100,GW0000M0007D04,1.1E+015,0,gone,1,0,0,0,0,0,0,0,0,1,40D7000M0000WG,,PUTBACK
H00000712,1,100,GW0000M0007D04,1.1E+015,0,away,1,0,0,0,0,0,0,0,0,1,40D7000M0000WG,,PUTBACK
H00000713,1,100,GW0000M0007D04,1.1E+015,0,temp,1,0,0,0,0,0,0,0,0,1,40D7000M0000WG,,PUTBACK
H00000714,1,100,GW0000M0008D05,1.1E+015,0,HRTB_F,1,0,0,0,0,0,0,0,0,1,50D8000M0000WG,,PUTBACK
H00000715,1,100,GW0000M0008D05,1.1E+015,0,HRTB_S,1,0,0,0,0,0,0,0,0,1,50D8000M0000WG,,PUTBACK
H00000716,1,100,GW0000M0008D05,1.1E+015,0,here,1,0,0,0,0,0,0,0,0,1,50D8000M0000WG,,PUTBACK
H00000717,1,100,GW0000M0008D05,1.1E+015,0,gone,1,0,0,0,0,0,0,0,0,1,50D8000M0000WG,,PUTBACK
H00000718,1,100,GW0000M0008D05,1.1E+015,0,away,1,0,0,0,0,0,0,0,0,1,50D8000M0000WG,,PUTBACK
H00000719,1,100,GW0000M0008D05,1.1E+015,0,temp,1,0,0,0,0,0,0,0,0,1,50D8000M0000WG,,PUTBACK
H00000720,1,100,GW0000M0005E01,1.1E+015,0,HRTB_F,1,0,0,0,0,0,0,0,0,1,10E5000M0000WG,,PUTBACK
H00000721,1,100,GW0000M0005E01,1.1E+015,0,HRTB_S,1,0,0,0,0,0,0,0,0,1,10E5000M0000WG,,PUTBACK
H00000722,1,100,GW0000M0005E01,1.1E+015,0,here,1,0,0,0,0,0,0,0,0,1,10E5000M0000WG,,PUTBACK
H00000723,1,100,GW0000M0005E01,1.1E+015,0,gone,1,0,0,0,0,0,0,0,0,1,10E5000M0000WG,,PUTBACK
H00000724,1,100,GW0000M0005E01,1.1E+015,0,away,1,0,0,0,0,0,0,0,0,1,10E5000M0000WG,,PUTBACK
H00000725,1,100,GW0000M0005E01,1.1E+015,0,temp,1,0,0,0,0,0,0,0,0,1,10E5000M0000WG,,PUTBACK
H00000726,1,100,GW0000M0006E02,1.1E+015,0,HRTB_F,1,0,0,0,0,0,0,0,0,1,20E6000M0000WG,,PUTBACK
H00000727,1,100,GW0000M0006E02,1.1E+015,0,HRTB_S,1,0,0,0,0,0,0,0,0,1,20E6000M0000WG,,PUTBACK
H00000728,1,100,GW0000M0006E02,1.1E+015,0,here,1,0,0,0,0,0,0,0,0,1,20E6000M0000WG,,PUTBACK
H00000729,1,100,GW0000M0006E02,1.1E+015,0,gone,1,0,0,0,0,0,0,0,0,1,20E6000M0000WG,,PUTBACK
H00000730,1,100,GW0000M0006E02,1.1E+015,0,away,1,0,0,0,0,0,0,0,0,1,20E6000M0000WG,,PUTBACK
H00000731,1,100,GW0000M0006E02,1.1E+015,0,temp,1,0,0,0,0,0,0,0,0,1,20E6000M0000WG,,PUTBACK
H00000732,1,100,GW0000M0007E03,1.1E+015,0,HRTB_F,1,0,0,0,0,0,0,0,0,1,30E7000M0000WG,,PUTBACK
H00000733,1,100,GW0000M0007E03,1.1E+015,0,HRTB_S,1,0,0,0,0,0,0,0,0,1,30E7000M0000WG,,PUTBACK
H00000734,1,100,GW0000M0007E03,1.1E+015,0,here,1,0,0,0,0,0,0,0,0,1,30E7000M0000WG,,PUTBACK
H00000735,1,100,GW0000M0007E03,1.1E+015,0,gone,1,0,0,0,0,0,0,0,0,1,30E7000M0000WG,,PUTBACK
H00000736,1,100,GW0000M0007E03,1.1E+015,0,away,1,0,0,0,0,0,0,0,0,1,30E7000M0000WG,,PUTBACK
H00000737,1,100,GW0000M0007E03,1.1E+015,0,temp,1,0,0,0,0,0,0,0,0,1,30E7000M0000WG,,PUTBACK
H00000738,1,100,GW0000M0008E04,1.1E+015,0,HRTB_F,1,0,0,0,0,0,0,0,0,1,40E8000M0000WG,,PUTBACK
H00000739,1,100,GW0000M0008E04,1.1E+015,0,HRTB_S,1,0,0,0,0,0,0,0,0,1,40E8000M0000WG,,PUTBACK
H00000740,1,100,GW0000M0008E04,1.1E+015,0,here,1,0,0,0,0,0,0,0,0,1,40E8000M0000WG,,PUTBACK
H00000741,1,100,GW0000M0008E04,1.1E+015,0,gone,1,0,0,0,0,0,0,0,0,1,40E8000M0000WG,,PUTBACK
H00000742,1,100,GW0000M0008E04,1.1E+015,0,away,1,0,0,0,0,0,0,0,0,1,40E8000M0000WG,,PUTBACK
H00000743,1,100,GW0000M0008E04,1.1E+015,0,temp,1,0,0,0,0,0,0,0,0,1,40E8000M0000WG,,PUTBACK
H00000744,1,100,GW0000M0009E05,1.1E+015,0,HRTB_F,1,0,0,0,0,0,0,0,0,1,50E9000M0000WG,,PUTBACK
H00000745,1,100,GW0000M0009E05,1.1E+015,0,HRTB_S,1,0,0,0,0,0,0,0,0,1,50E9000M0000WG,,PUTBACK
H00000746,1,100,GW0000M0009E05,1.1E+015,0,here,1,0,0,0,0,0,0,0,0,1,50E9000M0000WG,,PUTBACK
H00000747,1,100,GW0000M0009E05,1.1E+015,0,gone,1,0,0,0,0,0,0,0,0,1,50E9000M0000WG,,PUTBACK
H00000748,1,100,GW0000M0009E05,1.1E+015,0,away,1,0,0,0,0,0,0,0,0,1,50E9000M0000WG,,PUTBACK
H00000749,1,100,GW0000M0009E05,1.1E+015,0,temp,1,0,0,0,0,0,0,0,0,1,50E9000M0000WG,,PUTBACK
H00000750,1,100,GW0000M0001A01,1.1E+015,0,HRTB_F,1,0,0,0,0,0,0,0,0,1,10A1000M0000WG,,PUTBACK
H00000751,1,100,GW0000M0001A01,1.1E+015,0,HRTB_S,1,0,0,0,0,0,0,0,0,1,10A1000M0000WG,,PUTBACK
H00000752,1,100,GW0000M0001A01,1.1E+015,0,here,1,0,0,0,0,0,0,0,0,1,10A1000M0000WG,,PUTBACK
H00000753,1,100,GW0000M0001A01,1.1E+015,0,gone,1,0,0,0,0,0,0,0,0,1,10A1000M0000WG,,PUTBACK
H00000754,1,100,GW0000M0001A01,1.1E+015,0,away,1,0,0,0,0,0,0,0,0,1,10A1000M0000WG,,PUTBACK
H00000755,1,100,GW0000M0001A01,1.1E+015,0,temp,1,0,0,0,0,0,0,0,0,1,10A1000M0000WG,,PUTBACK
H00000756,1,100,GW0000M0002A02,1.1E+015,0,HRTB_F,1,0,0,0,0,0,0,0,0,1,20A2000M0000WG,,PUTBACK
H00000757,1,100,GW0000M0002A02,1.1E+015,0,HRTB_S,1,0,0,0,0,0,0,0,0,1,20A2000M0000WG,,PUTBACK
H00000758,1,100,GW0000M0002A02,1.1E+015,0,here,1,0,0,0,0,0,0,0,0,1,20A2000M0000WG,,PUTBACK
H00000759,1,100,GW0000M0002A02,1.1E+015,0,gone,1,0,0,0,0,0,0,0,0,1,20A2000M0000WG,,PUTBACK
H00000760,1,100,GW0000M0002A02,1.1E+015,0,away,1,0,0,0,0,0,0,0,0,1,20A2000M0000WG,,PUTBACK
H00000761,1,100,GW0000M0002A02,1.1E+015,0,temp,1,0,0,0,0,0,0,0,0,1,20A2000M0000WG,,PUTBACK
H00000762,1,100,GW0000M0003A03,1.1E+015,0,HRTB_F,1,0,0,0,0,0,0,0,0,1,30A3000M0000WG,,PUTBACK
H00000763,1,100,GW0000M0003A03,1.1E+015,0,HRTB_S,1,0,0,0,0,0,0,0,0,1,30A3000M0000WG,,PUTBACK
H00000764,1,100,GW0000M0003A03,1.1E+015,0,here,1,0,0,0,0,0,0,0,0,1,30A3000M0000WG,,PUTBACK
H00000765,1,100,GW0000M0003A03,1.1E+015,0,gone,1,0,0,0,0,0,0,0,0,1,30A3000M0000WG,,PUTBACK
H00000766,1,100,GW0000M0003A03,1.1E+015,0,away,1,0,0,0,0,0,0,0,0,1,30A3000M0000WG,,PUTBACK
H00000767,1,100,GW0000M0003A03,1.1E+015,0,temp,1,0,0,0,0,0,0,0,0,1,30A3000M0000WG,,PUTBACK
H00000768,1,100,GW0000M0004A04,1.1E+015,0,HRTB_F,1,0,0,0,0,0,0,0,0,1,40A4000M0000WG,,PUTBACK
H00000769,1,100,GW0000M0004A04,1.1E+015,0,HRTB_S,1,0,0,0,0,0,0,0,0,1,40A4000M0000WG,,PUTBACK
H00000770,1,100,GW0000M0004A04,1.1E+015,0,here,1,0,0,0,0,0,0,0,0,1,40A4000M0000WG,,PUTBACK
H00000771,1,100,GW0000M0004A04,1.1E+015,0,gone,1,0,0,0,0,0,0,0,0,1,40A4000M0000WG,,PUTBACK
H00000772,1,100,GW0000M0004A04,1.1E+015,0,away,1,0,0,0,0,0,0,0,0,1,40A4000M0000WG,,PUTBACK
H00000773,1,100,GW0000M0004A04,1.1E+015,0,temp,1,0,0,0,0,0,0,0,0,1,40A4000M0000WG,,PUTBACK
H00000774,1,100,GW0000M0005A05,1.1E+015,0,HRTB_F,1,0,0,0,0,0,0,0,0,1,50A5000M0000WG,,PUTBACK
H00000775,1,100,GW0000M0005A05,1.1E+015,0,HRTB_S,1,0,0,0,0,0,0,0,0,1,50A5000M0000WG,,PUTBACK
H00000776,1,100,GW0000M0005A05,1.1E+015,0,here,1,0,0,0,0,0,0,0,0,1,50A5000M0000WG,,PUTBACK
H00000777,1,100,GW0000M0005A05,1.1E+015,0,gone,1,0,0,0,0,0,0,0,0,1,50A5000M0000WG,,PUTBACK
H00000778,1,100,GW0000M0005A05,1.1E+015,0,away,1,0,0,0,0,0,0,0,0,1,50A5000M0000WG,,PUTBACK
H00000779,1,100,GW0000M0005A05,1.1E+015,0,temp,1,0,0,0,0,0,0,0,0,1,50A5000M0000WG,,PUTBACK
H00000780,1,100,GW0000M0002B01,1.1E+015,0,HRTB_F,1,0,0,0,0,0,0,0,0,1,10B2000M0000WG,,PUTBACK
H00000781,1,100,GW0000M0002B01,1.1E+015,0,HRTB_S,1,0,0,0,0,0,0,0,0,1,10B2000M0000WG,,PUTBACK
H00000782,1,100,GW0000M0002B01,1.1E+015,0,here,1,0,0,0,0,0,0,0,0,1,10B2000M0000WG,,PUTBACK
H00000783,1,100,GW0000M0002B01,1.1E+015,0,gone,1,0,0,0,0,0,0,0,0,1,10B2000M0000WG,,PUTBACK
H00000784,1,100,GW0000M0002B01,1.1E+015,0,away,1,0,0,0,0,0,0,0,0,1,10B2000M0000WG,,PUTBACK
H00000785,1,100,GW0000M0002B01,1.1E+015,0,temp,1,0,0,0,0,0,0,0,0,1,10B2000M0000WG,,PUTBACK
H00000786,1,100,GW0000M0003B02,1.1E+015,0,HRTB_F,1,0,0,0,0,0,0,0,0,1,20B3000M0000WG,,PUTBACK
H00000787,1,100,GW0000M0003B02,1.1E+015,0,HRTB_S,1,0,0,0,0,0,0,0,0,1,20B3000M0000WG,,PUTBACK
H00000788,1,100,GW0000M0003B02,1.1E+015,0,here,1,0,0,0,0,0,0,0,0,1,20B3000M0000WG,,PUTBACK
H00000789,1,100,GW0000M0003B02,1.1E+015,0,gone,1,0,0,0,0,0,0,0,0,1,20B3000M0000WG,,PUTBACK
H00000790,1,100,GW0000M0003B02,1.1E+015,0,away,1,0,0,0,0,0,0,0,0,1,20B3000M0000WG,,PUTBACK
H00000791,1,100,GW0000M0003B02,1.1E+015,0,temp,1,0,0,0,0,0,0,0,0,1,20B3000M0000WG,,PUTBACK
H00000792,1,100,GW0000M0004B03,1.1E+015,0,HRTB_F,1,0,0,0,0,0,0,0,0,1,30B4000M0000WG,,PUTBACK
H00000793,1,100,GW0000M0004B03,1.1E+015,0,HRTB_S,1,0,0,0,0,0,0,0,0,1,30B4000M0000WG,,PUTBACK
H00000794,1,100,GW0000M0004B03,1.1E+015,0,here,1,0,0,0,0,0,0,0,0,1,30B4000M0000WG,,PUTBACK
H00000795,1,100,GW0000M0004B03,1.1E+015,0,gone,1,0,0,0,0,0,0,0,0,1,30B4000M0000WG,,PUTBACK
H00000796,1,100,GW0000M0004B03,1.1E+015,0,away,1,0,0,0,0,0,0,0,0,1,30B4000M0000WG,,PUTBACK
H00000797,1,100,GW0000M0004B03,1.1E+015,0,temp,1,0,0,0,0,0,0,0,0,1,30B4000M0000WG,,PUTBACK
H00000798,1,100,GW0000M0005B04,1.1E+015,0,HRTB_F,1,0,0,0,0,0,0,0,0,1,40B5000M0000WG,,PUTBACK
H00000799,1,100,GW0000M0005B04,1.1E+015,0,HRTB_S,1,0,0,0,0,0,0,0,0,1,40B5000M0000WG,,PUTBACK
H00000800,1,100,GW0000M0005B04,1.1E+015,0,here,1,0,0,0,0,0,0,0,0,1,40B5000M0000WG,,PUTBACK
H00000801,1,100,GW0000M0005B04,1.1E+015,0,gone,1,0,0,0,0,0,0,0,0,1,40B5000M0000WG,,PUTBACK
H00000802,1,100,GW0000M0005B04,1.1E+015,0,away,1,0,0,0,0,0,0,0,0,1,40B5000M0000WG,,PUTBACK
H00000803,1,100,GW0000M0005B04,1.1E+015,0,temp,1,0,0,0,0,0,0,0,0,1,40B5000M0000WG,,PUTBACK
H00000804,1,100,GW0000M0006B05,1.1E+015,0,HRTB_F,1,0,0,0,0,0,0,0,0,1,50B6000M0000WG,,PUTBACK
H00000805,1,100,GW0000M0006B05,1.1E+015,0,HRTB_S,1,0,0,0,0,0,0,0,0,1,50B6000M0000WG,,PUTBACK
H00000806,1,100,GW0000M0006B05,1.1E+015,0,here,1,0,0,0,0,0,0,0,0,1,50B6000M0000WG,,PUTBACK
H00000807,1,100,GW0000M0006B05,1.1E+015,0,gone,1,0,0,0,0,0,0,0,0,1,50B6000M0000WG,,PUTBACK
H00000808,1,100,GW0000M0006B05,1.1E+015,0,away,1,0,0,0,0,0,0,0,0,1,50B6000M0000WG,,PUTBACK
H00000809,1,100,GW0000M0006B05,1.1E+015,0,temp,1,0,0,0,0,0,0,0,0,1,50B6000M0000WG,,PUTBACK
H00000810,1,100,GW0000M0003C01,1.1E+015,0,HRTB_F,1,0,0,0,0,0,0,0,0,1,10C3000M0000WG,,PUTBACK
H00000811,1,100,GW0000M0003C01,1.1E+015,0,HRTB_S,1,0,0,0,0,0,0,0,0,1,10C3000M0000WG,,PUTBACK
H00000812,1,100,GW0000M0003C01,1.1E+015,0,here,1,0,0,0,0,0,0,0,0,1,10C3000M0000WG,,PUTBACK
H00000813,1,100,GW0000M0003C01,1.1E+015,0,gone,1,0,0,0,0,0,0,0,0,1,10C3000M0000WG,,PUTBACK
H00000814,1,100,GW0000M0003C01,1.1E+015,0,away,1,0,0,0,0,0,0,0,0,1,10C3000M0000WG,,PUTBACK
H00000815,1,100,GW0000M0003C01,1.1E+015,0,temp,1,0,0,0,0,0,0,0,0,1,10C3000M0000WG,,PUTBACK
H00000816,1,100,GW0000M0004C02,1.1E+015,0,HRTB_F,1,0,0,0,0,0,0,0,0,1,20C4000M0000WG,,PUTBACK
H00000817,1,100,GW0000M0004C02,1.1E+015,0,HRTB_S,1,0,0,0,0,0,0,0,0,1,20C4000M0000WG,,PUTBACK
H00000818,1,100,GW0000M0004C02,1.1E+015,0,here,1,0,0,0,0,0,0,0,0,1,20C4000M0000WG,,PUTBACK
H00000819,1,100,GW0000M0004C02,1.1E+015,0,gone,1,0,0,0,0,0,0,0,0,1,20C4000M0000WG,,PUTBACK
H00000820,1,100,GW0000M0004C02,1.1E+015,0,away,1,0,0,0,0,0,0,0,0,1,20C4000M0000WG,,PUTBACK
H00000821,1,100,GW0000M0004C02,1.1E+015,0,temp,1,0,0,0,0,0,0,0,0,1,20C4000M0000WG,,PUTBACK
H00000822,1,100,GW0000M0005C03,1.1E+015,0,HRTB_F,1,0,0,0,0,0,0,0,0,1,30C5000M0000WG,,PUTBACK
H00000823,1,100,GW0000M0005C03,1.1E+015,0,HRTB_S,1,0,0,0,0,0,0,0,0,1,30C5000M0000WG,,PUTBACK
H00000824,1,100,GW0000M0005C03,1.1E+015,0,here,1,0,0,0,0,0,0,0,0,1,30C5000M0000WG,,PUTBACK
H00000825,1,100,GW0000M0005C03,1.1E+015,0,gone,1,0,0,0,0,0,0,0,0,1,30C5000M0000WG,,PUTBACK
H00000826,1,100,GW0000M0005C03,1.1E+015,0,away,1,0,0,0,0,0,0,0,0,1,30C5000M0000WG,,PUTBACK
H00000827,1,100,GW0000M0005C03,1.1E+015,0,temp,1,0,0,0,0,0,0,0,0,1,30C5000M0000WG,,PUTBACK
H00000828,1,100,GW0000M0006C04,1.1E+015,0,HRTB_F,1,0,0,0,0,0,0,0,0,1,40C6000M0000WG,,PUTBACK
H00000829,1,100,GW0000M0006C04,1.1E+015,0,HRTB_S,1,0,0,0,0,0,0,0,0,1,40C6000M0000WG,,PUTBACK
H00000830,1,100,GW0000M0006C04,1.1E+015,0,here,1,0,0,0,0,0,0,0,0,1,40C6000M0000WG,,PUTBACK
H00000831,1,100,GW0000M0006C04,1.1E+015,0,gone,1,0,0,0,0,0,0,0,0,1,40C6000M0000WG,,PUTBACK
H00000832,1,100,GW0000M0006C04,1.1E+015,0,away,1,0,0,0,0,0,0,0,0,1,40C6000M0000WG,,PUTBACK
H00000833,1,100,GW0000M0006C04,1.1E+015,0,temp,1,0,0,0,0,0,0,0,0,1,40C6000M0000WG,,PUTBACK
H00000834,1,100,GW0000M0007C05,1.1E+015,0,HRTB_F,1,0,0,0,0,0,0,0,0,1,50C7000M0000WG,,PUTBACK
H00000835,1,100,GW0000M0007C05,1.1E+015,0,HRTB_S,1,0,0,0,0,0,0,0,0,1,50C7000M0000WG,,PUTBACK
H00000836,1,100,GW0000M0007C05,1.1E+015,0,here,1,0,0,0,0,0,0,0,0,1,50C7000M0000WG,,PUTBACK
H00000837,1,100,GW0000M0007C05,1.1E+015,0,gone,1,0,0,0,0,0,0,0,0,1,50C7000M0000WG,,PUTBACK
H00000838,1,100,GW0000M0007C05,1.1E+015,0,away,1,0,0,0,0,0,0,0,0,1,50C7000M0000WG,,PUTBACK
H00000839,1,100,GW0000M0007C05,1.1E+015,0,temp,1,0,0,0,0,0,0,0,0,1,50C7000M0000WG,,PUTBACK
H00000840,1,100,GW0000M0004D01,1.1E+015,0,HRTB_F,1,0,0,0,0,0,0,0,0,1,10D4000M0000WG,,PUTBACK
H00000841,1,100,GW0000M0004D01,1.1E+015,0,HRTB_S,1,0,0,0,0,0,0,0,0,1,10D4000M0000WG,,PUTBACK
H00000842,1,100,GW0000M0004D01,1.1E+015,0,here,1,0,0,0,0,0,0,0,0,1,10D4000M0000WG,,PUTBACK
H00000843,1,100,GW0000M0004D01,1.1E+015,0,gone,1,0,0,0,0,0,0,0,0,1,10D4000M0000WG,,PUTBACK
H00000844,1,100,GW0000M0004D01,1.1E+015,0,away,1,0,0,0,0,0,0,0,0,1,10D4000M0000WG,,PUTBACK
H00000845,1,100,GW0000M0004D01,1.1E+015,0,temp,1,0,0,0,0,0,0,0,0,1,10D4000M0000WG,,PUTBACK
H00000846,1,100,GW0000M0005D02,1.1E+015,0,HRTB_F,1,0,0,0,0,0,0,0,0,1,20D5000M0000WG,,PUTBACK
H00000847,1,100,GW0000M0005D02,1.1E+015,0,HRTB_S,1,0,0,0,0,0,0,0,0,1,20D5000M0000WG,,PUTBACK
H00000848,1,100,GW0000M0005D02,1.1E+015,0,here,1,0,0,0,0,0,0,0,0,1,20D5000M0000WG,,PUTBACK
H00000849,1,100,GW0000M0005D02,1.1E+015,0,gone,1,0,0,0,0,0,0,0,0,1,20D5000M0000WG,,PUTBACK
H00000850,1,100,GW0000M0005D02,1.1E+015,0,away,1,0,0,0,0,0,0,0,0,1,20D5000M0000WG,,PUTBACK
H00000851,1,100,GW0000M0005D02,1.1E+015,0,temp,1,0,0,0,0,0,0,0,0,1,20D5000M0000WG,,PUTBACK
H00000852,1,100,GW0000M0006D03,1.1E+015,0,HRTB_F,1,0,0,0,0,0,0,0,0,1,30D6000M0000WG,,PUTBACK
H00000853,1,100,GW0000M0006D03,1.1E+015,0,HRTB_S,1,0,0,0,0,0,0,0,0,1,30D6000M0000WG,,PUTBACK
H00000854,1,100,GW0000M0006D03,1.1E+015,0,here,1,0,0,0,0,0,0,0,0,1,30D6000M0000WG,,PUTBACK
H00000855,1,100,GW0000M0006D03,1.1E+015,0,gone,1,0,0,0,0,0,0,0,0,1,30D6000M0000WG,,PUTBACK
H00000856,1,100,GW0000M0006D03,1.1E+015,0,away,1,0,0,0,0,0,0,0,0,1,30D6000M0000WG,,PUTBACK
H00000857,1,100,GW0000M0006D03,1.1E+015,0,temp,1,0,0,0,0,0,0,0,0,1,30D6000M0000WG,,PUTBACK
H00000858,1,100,GW0000M0007D04,1.1E+015,0,HRTB_F,1,0,0,0,0,0,0,0,0,1,40D7000M0000WG,,PUTBACK
H00000859,1,100,GW0000M0007D04,1.1E+015,0,HRTB_S,1,0,0,0,0,0,0,0,0,1,40D7000M0000WG,,PUTBACK
H00000860,1,100,GW0000M0007D04,1.1E+015,0,here,1,0,0,0,0,0,0,0,0,1,40D7000M0000WG,,PUTBACK
H00000861,1,100,GW0000M0007D04,1.1E+015,0,gone,1,0,0,0,0,0,0,0,0,1,40D7000M0000WG,,PUTBACK
H00000862,1,100,GW0000M0007D04,1.1E+015,0,away,1,0,0,0,0,0,0,0,0,1,40D7000M0000WG,,PUTBACK
H00000863,1,100,GW0000M0007D04,1.1E+015,0,temp,1,0,0,0,0,0,0,0,0,1,40D7000M0000WG,,PUTBACK
H00000864,1,100,GW0000M0008D05,1.1E+015,0,HRTB_F,1,0,0,0,0,0,0,0,0,1,50D8000M0000WG,,PUTBACK
H00000865,1,100,GW0000M0008D05,1.1E+015,0,HRTB_S,1,0,0,0,0,0,0,0,0,1,50D8000M0000WG,,PUTBACK
H00000866,1,100,GW0000M0008D05,1.1E+015,0,here,1,0,0,0,0,0,0,0,0,1,50D8000M0000WG,,PUTBACK
H00000867,1,100,GW0000M0008D05,1.1E+015,0,gone,1,0,0,0,0,0,0,0,0,1,50D8000M0000WG,,PUTBACK
H00000868,1,100,GW0000M0008D05,1.1E+015,0,away,1,0,0,0,0,0,0,0,0,1,50D8000M0000WG,,PUTBACK
H00000869,1,100,GW0000M0008D05,1.1E+015,0,temp,1,0,0,0,0,0,0,0,0,1,50D8000M0000WG,,PUTBACK
H00000870,1,100,GW0000M0005E01,1.1E+015,0,HRTB_F,1,0,0,0,0,0,0,0,0,1,10E5000M0000WG,,PUTBACK
H00000871,1,100,GW0000M0005E01,1.1E+015,0,HRTB_S,1,0,0,0,0,0,0,0,0,1,10E5000M0000WG,,PUTBACK
H00000872,1,100,GW0000M0005E01,1.1E+015,0,here,1,0,0,0,0,0,0,0,0,1,10E5000M0000WG,,PUTBACK
H00000873,1,100,GW0000M0005E01,1.1E+015,0,gone,1,0,0,0,0,0,0,0,0,1,10E5000M0000WG,,PUTBACK
H00000874,1,100,GW0000M0005E01,1.1E+015,0,away,1,0,0,0,0,0,0,0,0,1,10E5000M0000WG,,PUTBACK
H00000875,1,100,GW0000M0005E01,1.1E+015,0,temp,1,0,0,0,0,0,0,0,0,1,10E5000M0000WG,,PUTBACK
H00000876,1,100,GW0000M0006E02,1.1E+015,0,HRTB_F,1,0,0,0,0,0,0,0,0,1,20E6000M0000WG,,PUTBACK
H00000877,1,100,GW0000M0006E02,1.1E+015,0,HRTB_S,1,0,0,0,0,0,0,0,0,1,20E6000M0000WG,,PUTBACK
H00000878,1,100,GW0000M0006E02,1.1E+015,0,here,1,0,0,0,0,0,0,0,0,1,20E6000M0000WG,,PUTBACK
H00000879,1,100,GW0000M0006E02,1.1E+015,0,gone,1,0,0,0,0,0,0,0,0,1,20E6000M0000WG,,PUTBACK
H00000880,1,100,GW0000M0006E02,1.1E+015,0,away,1,0,0,0,0,0,0,0,0,1,20E6000M0000WG,,PUTBACK
H00000881,1,100,GW0000M0006E02,1.1E+015,0,temp,1,0,0,0,0,0,0,0,0,1,20E6000M0000WG,,PUTBACK
H00000882,1,100,GW0000M0007E03,1.1E+015,0,HRTB_F,1,0,0,0,0,0,0,0,0,1,30E7000M0000WG,,PUTBACK
H00000883,1,100,GW0000M0007E03,1.1E+015,0,HRTB_S,1,0,0,0,0,0,0,0,0,1,30E7000M0000WG,,PUTBACK
H00000884,1,100,GW0000M0007E03,1.1E+015,0,here,1,0,0,0,0,0,0,0,0,1,30E7000M0000WG,,PUTBACK
H00000885,1,100,GW0000M0007E03,1.1E+015,0,gone,1,0,0,0,0,0,0,0,0,1,30E7000M0000WG,,PUTBACK
H00000886,1,100,GW0000M0007E03,1.1E+015,0,away,1,0,0,0,0,0,0,0,0,1,30E7000M0000WG,,PUTBACK
H00000887,1,100,GW0000M0007E03,1.1E+015,0,temp,1,0,0,0,0,0,0,0,0,1,30E7000M0000WG,,PUTBACK
H00000888,1,100,GW0000M0008E04,1.1E+015,0,HRTB_F,1,0,0,0,0,0,0,0,0,1,40E8000M0000WG,,PUTBACK
H00000889,1,100,GW0000M0008E04,1.1E+015,0,HRTB_S,1,0,0,0,0,0,0,0,0,1,40E8000M0000WG,,PUTBACK
H00000890,1,100,GW0000M0008E04,1.1E+015,0,here,1,0,0,0,0,0,0,0,0,1,40E8000M0000WG,,PUTBACK
H00000891,1,100,GW0000M0008E04,1.1E+015,0,gone,1,0,0,0,0,0,0,0,0,1,40E8000M0000WG,,PUTBACK
H00000892,1,100,GW0000M0008E04,1.1E+015,0,away,1,0,0,0,0,0,0,0,0,1,40E8000M0000WG,,PUTBACK
H00000893,1,100,GW0000M0008E04,1.1E+015,0,temp,1,0,0,0,0,0,0,0,0,1,40E8000M0000WG,,PUTBACK
H00000894,1,100,GW0000M0009E05,1.1E+015,0,HRTB_F,1,0,0,0,0,0,0,0,0,1,50E9000M0000WG,,PUTBACK
H00000895,1,100,GW0000M0009E05,1.1E+015,0,HRTB_S,1,0,0,0,0,0,0,0,0,1,50E9000M0000WG,,PUTBACK
H00000896,1,100,GW0000M0009E05,1.1E+015,0,here,1,0,0,0,0,0,0,0,0,1,50E9000M0000WG,,PUTBACK
H00000897,1,100,GW0000M0009E05,1.1E+015,0,gone,1,0,0,0,0,0,0,0,0,1,50E9000M0000WG,,PUTBACK
H00000898,1,100,GW0000M0009E05,1.1E+015,0,away,1,0,0,0,0,0,0,0,0,1,50E9000M0000WG,,PUTBACK
H00000899,1,100,GW0000M0009E05,1.1E+015,0,temp,1,0,0,0,0,0,0,0,0,1,50E9000M0000WG,,PUTBACK
H00000900,1,100,GW0000M0001A01,1.1E+015,0,HRTB_F,1,0,0,0,0,0,0,0,0,1,10A1000M0000WG,,PUTBACK
H00000901,1,100,GW0000M0001A01,1.1E+015,0,HRTB_S,1,0,0,0,0,0,0,0,0,1,10A1000M0000WG,,PUTBACK
H00000902,1,100,GW0000M0001A01,1.1E+015,0,here,1,0,0,0,0,0,0,0,0,1,10A1000M0000WG,,PUTBACK
H00000903,1,100,GW0000M0001A01,1.1E+015,0,gone,1,0,0,0,0,0,0,0,0,1,10A1000M0000WG,,PUTBACK
H00000904,1,100,GW0000M0001A01,1.1E+015,0,away,1,0,0,0,0,0,0,0,0,1,10A1000M0000WG,,PUTBACK
H00000905,1,100,GW0000M0001A01,1.1E+015,0,temp,1,0,0,0,0,0,0,0,0,1,10A1000M0000WG,,PUTBACK
H00000906,1,100,GW0000M0002A02,1.1E+015,0,HRTB_F,1,0,0,0,0,0,0,0,0,1,20A2000M0000WG,,PUTBACK
H00000907,1,100,GW0000M0002A02,1.1E+015,0,HRTB_S,1,0,0,0,0,0,0,0,0,1,20A2000M0000WG,,PUTBACK
H00000908,1,100,GW0000M0002A02,1.1E+015,0,here,1,0,0,0,0,0,0,0,0,1,20A2000M0000WG,,PUTBACK
H00000909,1,100,GW0000M0002A02,1.1E+015,0,gone,1,0,0,0,0,0,0,0,0,1,20A2000M0000WG,,PUTBACK
H00000910,1,100,GW0000M0002A02,1.1E+015,0,away,1,0,0,0,0,0,0,0,0,1,20A2000M0000WG,,PUTBACK
H00000911,1,100,GW0000M0002A02,1.1E+015,0,temp,1,0,0,0,0,0,0,0,0,1,20A2000M0000WG,,PUTBACK
H00000912,1,100,GW0000M0003A03,1.1E+015,0,HRTB_F,1,0,0,0,0,0,0,0,0,1,30A3000M0000WG,,PUTBACK
H00000913,1,100,GW0000M0003A03,1.1E+015,0,HRTB_S,1,0,0,0,0,0,0,0,0,1,30A3000M0000WG,,PUTBACK
H00000914,1,100,GW0000M0003A03,1.1E+015,0,here,1,0,0,0,0,0,0,0,0,1,30A3000M0000WG,,PUTBACK
H00000915,1,100,GW0000M0003A03,1.1E+015,0,gone,1,0,0,0,0,0,0,0,0,1,30A3000M0000WG,,PUTBACK
H00000916,1,100,GW0000M0003A03,1.1E+015,0,away,1,0,0,0,0,0,0,0,0,1,30A3000M0000WG,,PUTBACK
H00000917,1,100,GW0000M0003A03,1.1E+015,0,temp,1,0,0,0,0,0,0,0,0,1,30A3000M0000WG,,PUTBACK
H00000918,1,100,GW0000M0004A04,1.1E+015,0,HRTB_F,1,0,0,0,0,0,0,0,0,1,40A4000M0000WG,,PUTBACK
H00000919,1,100,GW0000M0004A04,1.1E+015,0,HRTB_S,1,0,0,0,0,0,0,0,0,1,40A4000M0000WG,,PUTBACK
H00000920,1,100,GW0000M0004A04,1.1E+015,0,here,1,0,0,0,0,0,0,0,0,1,40A4000M0000WG,,PUTBACK
H00000921,1,100,GW0000M0004A04,1.1E+015,0,gone,1,0,0,0,0,0,0,0,0,1,40A4000M0000WG,,PUTBACK
H00000922,1,100,GW0000M0004A04,1.1E+015,0,away,1,0,0,0,0,0,0,0,0,1,40A4000M0000WG,,PUTBACK
H00000923,1,100,GW0000M0004A04,1.1E+015,0,temp,1,0,0,0,0,0,0,0,0,1,40A4000M0000WG,,PUTBACK
H00000924,1,100,GW0000M0005A05,1.1E+015,0,HRTB_F,1,0,0,0,0,0,0,0,0,1,50A5000M0000WG,,PUTBACK
H00000925,1,100,GW0000M0005A05,1.1E+015,0,HRTB_S,1,0,0,0,0,0,0,0,0,1,50A5000M0000WG,,PUTBACK
H00000926,1,100,GW0000M0005A05,1.1E+015,0,here,1,0,0,0,0,0,0,0,0,1,50A5000M0000WG,,PUTBACK
H00000927,1,100,GW0000M0005A05,1.1E+015,0,gone,1,0,0,0,0,0,0,0,0,1,50A5000M0000WG,,PUTBACK
H00000928,1,100,GW0000M0005A05,1.1E+015,0,away,1,0,0,0,0,0,0,0,0,1,50A5000M0000WG,,PUTBACK
H00000929,1,100,GW0000M0005A05,1.1E+015,0,temp,1,0,0,0,0,0,0,0,0,1,50A5000M0000WG,,PUTBACK
H00000930,1,100,GW0000M0002B01,1.1E+015,0,HRTB_F,1,0,0,0,0,0,0,0,0,1,10B2000M0000WG,,PUTBACK
H00000931,1,100,GW0000M0002B01,1.1E+015,0,HRTB_S,1,0,0,0,0,0,0,0,0,1,10B2000M0000WG,,PUTBACK
H00000932,1,100,GW0000M0002B01,1.1E+015,0,here,1,0,0,0,0,0,0,0,0,1,10B2000M0000WG,,PUTBACK
H00000933,1,100,GW0000M0002B01,1.1E+015,0,gone,1,0,0,0,0,0,0,0,0,1,10B2000M0000WG,,PUTBACK
H00000934,1,100,GW0000M0002B01,1.1E+015,0,away,1,0,0,0,0,0,0,0,0,1,10B2000M0000WG,,PUTBACK
H00000935,1,100,GW0000M0002B01,1.1E+015,0,temp,1,0,0,0,0,0,0,0,0,1,10B2000M0000WG,,PUTBACK
H00000936,1,100,GW0000M0003B02,1.1E+015,0,HRTB_F,1,0,0,0,0,0,0,0,0,1,20B3000M0000WG,,PUTBACK
H00000937,1,100,GW0000M0003B02,1.1E+015,0,HRTB_S,1,0,0,0,0,0,0,0,0,1,20B3000M0000WG,,PUTBACK
H00000938,1,100,GW0000M0003B02,1.1E+015,0,here,1,0,0,0,0,0,0,0,0,1,20B3000M0000WG,,PUTBACK
H00000939,1,100,GW0000M0003B02,1.1E+015,0,gone,1,0,0,0,0,0,0,0,0,1,20B3000M0000WG,,PUTBACK
H00000940,1,100,GW0000M0003B02,1.1E+015,0,away,1,0,0,0,0,0,0,0,0,1,20B3000M0000WG,,PUTBACK
H00000941,1,100,GW0000M0003B02,1.1E+015,0,temp,1,0,0,0,0,0,0,0,0,1,20B3000M0000WG,,PUTBACK
H00000942,1,100,GW0000M0004B03,1.1E+015,0,HRTB_F,1,0,0,0,0,0,0,0,0,1,30B4000M0000WG,,PUTBACK
H00000943,1,100,GW0000M0004B03,1.1E+015,0,HRTB_S,1,0,0,0,0,0,0,0,0,1,30B4000M0000WG,,PUTBACK
H00000944,1,100,GW0000M0004B03,1.1E+015,0,here,1,0,0,0,0,0,0,0,0,1,30B4000M0000WG,,PUTBACK
H00000945,1,100,GW0000M0004B03,1.1E+015,0,gone,1,0,0,0,0,0,0,0,0,1,30B4000M0000WG,,PUTBACK
H00000946,1,100,GW0000M0004B03,1.1E+015,0,away,1,0,0,0,0,0,0,0,0,1,30B4000M0000WG,,PUTBACK
H00000947,1,100,GW0000M0004B03,1.1E+015,0,temp,1,0,0,0,0,0,0,0,0,1,30B4000M0000WG,,PUTBACK
H00000948,1,100,GW0000M0005B04,1.1E+015,0,HRTB_F,1,0,0,0,0,0,0,0,0,1,40B5000M0000WG,,PUTBACK
H00000949,1,100,GW0000M0005B04,1.1E+015,0,HRTB_S,1,0,0,0,0,0,0,0,0,1,40B5000M0000WG,,PUTBACK
H00000950,1,100,GW0000M0005B04,1.1E+015,0,here,1,0,0,0,0,0,0,0,0,1,40B5000M0000WG,,PUTBACK
H00000951,1,100,GW0000M0005B04,1.1E+015,0,gone,1,0,0,0,0,0,0,0,0,1,40B5000M0000WG,,PUTBACK
H00000952,1,100,GW0000M0005B04,1.1E+015,0,away,1,0,0,0,0,0,0,0,0,1,40B5000M0000WG,,PUTBACK
H00000953,1,100,GW0000M0005B04,1.1E+015,0,temp,1,0,0,0,0,0,0,0,0,1,40B5000M0000WG,,PUTBACK
H00000954,1,100,GW0000M0006B05,1.1E+015,0,HRTB_F,1,0,0,0,0,0,0,0,0,1,50B6000M0000WG,,PUTBACK
H00000955,1,100,GW0000M0006B05,1.1E+015,0,HRTB_S,1,0,0,0,0,0,0,0,0,1,50B6000M0000WG,,PUTBACK
H00000956,1,100,GW0000M0006B05,1.1E+015,0,here,1,0,0,0,0,0,0,0,0,1,50B6000M0000WG,,PUTBACK
H00000957,1,100,GW0000M0006B05,1.1E+015,0,gone,1,0,0,0,0,0,0,0,0,1,50B6000M0000WG,,PUTBACK
H00000958,1,100,GW0000M0006B05,1.1E+015,0,away,1,0,0,0,0,0,0,0,0,1,50B6000M0000WG,,PUTBACK
H00000959,1,100,GW0000M0006B05,1.1E+015,0,temp,1,0,0,0,0,0,0,0,0,1,50B6000M0000WG,,PUTBACK
H00000960,1,100,GW0000M0003C01,1.1E+015,0,HRTB_F,1,0,0,0,0,0,0,0,0,1,10C3000M0000WG,,PUTBACK
H00000961,1,100,GW0000M0003C01,1.1E+015,0,HRTB_S,1,0,0,0,0,0,0,0,0,1,10C3000M0000WG,,PUTBACK
H00000962,1,100,GW0000M0003C01,1.1E+015,0,here,1,0,0,0,0,0,0,0,0,1,10C3000M0000WG,,PUTBACK
H00000963,1,100,GW0000M0003C01,1.1E+015,0,gone,1,0,0,0,0,0,0,0,0,1,10C3000M0000WG,,PUTBACK
H00000964,1,100,GW0000M0003C01,1.1E+015,0,away,1,0,0,0,0,0,0,0,0,1,10C3000M0000WG,,PUTBACK
H00000965,1,100,GW0000M0003C01,1.1E+015,0,temp,1,0,0,0,0,0,0,0,0,1,10C3000M0000WG,,PUTBACK
H00000966,1,100,GW0000M0004C02,1.1E+015,0,HRTB_F,1,0,0,0,0,0,0,0,0,1,20C4000M0000WG,,PUTBACK
H00000967,1,100,GW0000M0004C02,1.1E+015,0,HRTB_S,1,0,0,0,0,0,0,0,0,1,20C4000M0000WG,,PUTBACK
H00000968,1,100,GW0000M0004C02,1.1E+015,0,here,1,0,0,0,0,0,0,0,0,1,20C4000M0000WG,,PUTBACK
H00000969,1,100,GW0000M0004C02,1.1E+015,0,gone,1,0,0,0,0,0,0,0,0,1,20C4000M0000WG,,PUTBACK
H00000970,1,100,GW0000M0004C02,1.1E+015,0,away,1,0,0,0,0,0,0,0,0,1,20C4000M0000WG,,PUTBACK
H00000971,1,100,GW0000M0004C02,1.1E+015,0,temp,1,0,0,0,0,0,0,0,0,1,20C4000M0000WG,,PUTBACK
H00000972,1,100,GW0000M0005C03,1.1E+015,0,HRTB_F,1,0,0,0,0,0,0,0,0,1,30C5000M0000WG,,PUTBACK
H00000973,1,100,GW0000M0005C03,1.1E+015,0,HRTB_S,1,0,0,0,0,0,0,0,0,1,30C5000M0000WG,,PUTBACK
H00000974,1,100,GW0000M0005C03,1.1E+015,0,here,1,0,0,0,0,0,0,0,0,1,30C5000M0000WG,,PUTBACK
H00000975,1,100,GW0000M0005C03,1.1E+015,0,gone,1,0,0,0,0,0,0,0,0,1,30C5000M0000WG,,PUTBACK
H00000976,1,100,GW0000M0005C03,1.1E+015,0,away,1,0,0,0,0,0,0,0,0,1,30C5000M0000WG,,PUTBACK
H00000977,1,100,GW0000M0005C03,1.1E+015,0,temp,1,0,0,0,0,0,0,0,0,1,30C5000M0000WG,,PUTBACK
H00000978,1,100,GW0000M0006C04,1.1E+015,0,HRTB_F,1,0,0,0,0,0,0,0,0,1,40C6000M0000WG,,PUTBACK
H00000979,1,100,GW0000M0006C04,1.1E+015,0,HRTB_S,1,0,0,0,0,0,0,0,0,1,40C6000M0000WG,,PUTBACK
H00000980,1,100,GW0000M0006C04,1.1E+015,0,here,1,0,0,0,0,0,0,0,0,1,40C6000M0000WG,,PUTBACK
H00000981,1,100,GW0000M0006C04,1.1E+015,0,gone,1,0,0,0,0,0,0,0,0,1,40C6000M0000WG,,PUTBACK
H00000982,1,100,GW0000M0006C04,1.1E+015,0,away,1,0,0,0,0,0,0,0,0,1,40C6000M0000WG,,PUTBACK
H00000983,1,100,GW0000M0006C04,1.1E+015,0,temp,1,0,0,0,0,0,0,0,0,1,40C6000M0000WG,,PUTBACK
H00000984,1,100,GW0000M0007C05,1.1E+015,0,HRTB_F,1,0,0,0,0,0,0,0,0,1,50C7000M0000WG,,PUTBACK
H00000985,1,100,GW0000M0007C05,1.1E+015,0,HRTB_S,1,0,0,0,0,0,0,0,0,1,50C7000M0000WG,,PUTBACK
H00000986,1,100,GW0000M0007C05,1.1E+015,0,here,1,0,0,0,0,0,0,0,0,1,50C7000M0000WG,,PUTBACK
H00000987,1,100,GW0000M0007C05,1.1E+015,0,gone,1,0,0,0,0,0,0,0,0,1,50C7000M0000WG,,PUTBACK
H00000988,1,100,GW0000M0007C05,1.1E+015,0,away,1,0,0,0,0,0,0,0,0,1,50C7000M0000WG,,PUTBACK
H00000989,1,100,GW0000M0007C05,1.1E+015,0,temp,1,0,0,0,0,0,0,0,0,1,50C7000M0000WG,,PUTBACK
H00000990,1,100,GW0000M0004D01,1.1E+015,0,HRTB_F,1,0,0,0,0,0,0,0,0,1,10D4000M0000WG,,PUTBACK
H00000991,1,100,GW0000M0004D01,1.1E+015,0,HRTB_S,1,0,0,0,0,0,0,0,0,1,10D4000M0000WG,,PUTBACK
H00000992,1,100,GW0000M0004D01,1.1E+015,0,here,1,0,0,0,0,0,0,0,0,1,10D4000M0000WG,,PUTBACK
H00000993,1,100,GW0000M0004D01,1.1E+015,0,gone,1,0,0,0,0,0,0,0,0,1,10D4000M0000WG,,PUTBACK
H00000994,1,100,GW0000M0004D01,1.1E+015,0,away,1,0,0,0,0,0,0,0,0,1,10D4000M0000WG,,PUTBACK
H00000995,1,100,GW0000M0004D01,1.1E+015,0,temp,1,0,0,0,0,0,0,0,0,1,10D4000M0000WG,,PUTBACK
H00000996,1,100,GW0000M0005D02,1.1E+015,0,HRTB_F,1,0,0,0,0,0,0,0,0,1,20D5000M0000WG,,PUTBACK
H00000997,1,100,GW0000M0005D02,1.1E+015,0,HRTB_S,1,0,0,0,0,0,0,0,0,1,20D5000M0000WG,,PUTBACK
H00000998,1,100,GW0000M0005D02,1.1E+015,0,here,1,0,0,0,0,0,0,0,0,1,20D5000M0000WG,,PUTBACK
H00000999,1,100,GW0000M0005D02,1.1E+015,0,gone,1,0,0,0,0,0,0,0,0,1,20D5000M0000WG,,PUTBACK
